{"type":"FeatureCollection","name":"cali-comunas","source":"IDESC / Alcaldía de Santiago de Cali — dapm:pdt_dpa_comunas (WGS84)","features":[{"type":"Feature","properties":{"code":"01","name":"Comuna 01"},"geometry":{"type":"MultiPolygon","coordinates":[[[[-76.5589,3.463],[-76.5588,3.463],[-76.5587,3.463],[-76.5586,3.463],[-76.5585,3.463],[-76.5584,3.463],[-76.5583,3.463],[-76.5582,3.463],[-76.5582,3.4631],[-76.5581,3.4631],[-76.558,3.4632],[-76.5579,3.4632],[-76.5579,3.4633],[-76.5578,3.4633],[-76.5578,3.4634],[-76.5577,3.4634],[-76.5576,3.4634],[-76.5575,3.4634],[-76.5575,3.4633],[-76.5574,3.4633],[-76.5574,3.4632],[-76.5573,3.4632],[-76.5573,3.4631],[-76.5572,3.463],[-76.5571,3.463],[-76.5571,3.4629],[-76.5571,3.4628],[-76.557,3.4628],[-76.557,3.4627],[-76.5569,3.4627],[-76.5569,3.4626],[-76.5568,3.4626],[-76.5568,3.4625],[-76.5567,3.4625],[-76.5567,3.4624],[-76.5566,3.4623],[-76.5566,3.4622],[-76.5565,3.4622],[-76.5565,3.4621],[-76.5565,3.462],[-76.5564,3.462],[-76.5564,3.4619],[-76.5563,3.4619],[-76.5563,3.4618],[-76.5563,3.4617],[-76.5562,3.4617],[-76.5562,3.4616],[-76.5561,3.4616],[-76.5561,3.4615],[-76.5561,3.4614],[-76.556,3.4614],[-76.5559,3.4613],[-76.5558,3.4613],[-76.5557,3.4613],[-76.5556,3.4613],[-76.5555,3.4613],[-76.5554,3.4613],[-76.5553,3.4613],[-76.5552,3.4614],[-76.5551,3.4614],[-76.5551,3.4615],[-76.555,3.4615],[-76.5549,3.4615],[-76.5548,3.4615],[-76.5547,3.4615],[-76.5547,3.4616],[-76.5546,3.4616],[-76.5545,3.4616],[-76.5545,3.4615],[-76.5544,3.4615],[-76.5544,3.4614],[-76.5544,3.4613],[-76.5544,3.4612],[-76.5544,3.4611],[-76.5544,3.461],[-76.5544,3.4609],[-76.5544,3.4608],[-76.5544,3.4607],[-76.5545,3.4607],[-76.5545,3.4606],[-76.5545,3.4605],[-76.5545,3.4604],[-76.5545,3.4603],[-76.5545,3.4602],[-76.5545,3.4601],[-76.5546,3.4601],[-76.5546,3.46],[-76.5546,3.4599],[-76.5546,3.4598],[-76.5547,3.4597],[-76.5546,3.4597],[-76.5545,3.4597],[-76.5543,3.4598],[-76.5542,3.4599],[-76.554,3.4599],[-76.5537,3.46],[-76.5535,3.4601],[-76.5534,3.4602],[-76.5532,3.4602],[-76.553,3.4603],[-76.5528,3.4604],[-76.5527,3.4604],[-76.5527,3.4605],[-76.5527,3.4606],[-76.5527,3.4607],[-76.5527,3.4608],[-76.5527,3.4609],[-76.5527,3.461],[-76.5526,3.461],[-76.5526,3.4611],[-76.5525,3.4611],[-76.5525,3.461],[-76.5524,3.461],[-76.5523,3.461],[-76.5522,3.461],[-76.5522,3.4609],[-76.5521,3.4609],[-76.552,3.4608],[-76.5519,3.4608],[-76.5519,3.4607],[-76.5518,3.4607],[-76.5518,3.4606],[-76.5517,3.4606],[-76.5517,3.4605],[-76.5516,3.4605],[-76.5515,3.4605],[-76.5515,3.4606],[-76.5514,3.4606],[-76.5514,3.4605],[-76.5513,3.4605],[-76.5512,3.4605],[-76.5512,3.4604],[-76.5511,3.4604],[-76.5511,3.4603],[-76.551,3.4604],[-76.551,3.4605],[-76.5507,3.4604],[-76.5506,3.4605],[-76.5505,3.4605],[-76.5504,3.4605],[-76.5503,3.4604],[-76.5503,3.4603],[-76.5503,3.46],[-76.5502,3.46],[-76.5502,3.4599],[-76.5501,3.4599],[-76.5501,3.4598],[-76.55,3.4598],[-76.55,3.4597],[-76.55,3.4596],[-76.5499,3.4596],[-76.5498,3.4596],[-76.5498,3.4595],[-76.5497,3.4594],[-76.5496,3.4594],[-76.5496,3.4593],[-76.5496,3.4592],[-76.5495,3.4592],[-76.5494,3.4592],[-76.5493,3.4591],[-76.5493,3.459],[-76.5492,3.459],[-76.5492,3.4589],[-76.5491,3.4589],[-76.5491,3.4588],[-76.549,3.4588],[-76.5489,3.4588],[-76.5489,3.4589],[-76.5488,3.4589],[-76.5488,3.4588],[-76.5488,3.4587],[-76.5488,3.4586],[-76.5488,3.4585],[-76.5487,3.4585],[-76.5487,3.4584],[-76.5486,3.4584],[-76.5486,3.4583],[-76.5485,3.4583],[-76.5484,3.4583],[-76.5484,3.4582],[-76.5483,3.4582],[-76.5482,3.4583],[-76.5482,3.4582],[-76.5482,3.4581],[-76.5482,3.458],[-76.5481,3.458],[-76.5481,3.4579],[-76.5481,3.4578],[-76.548,3.4578],[-76.548,3.4577],[-76.5479,3.4577],[-76.5479,3.4578],[-76.5478,3.4578],[-76.5478,3.4577],[-76.5479,3.4577],[-76.5478,3.4577],[-76.5478,3.4576],[-76.5477,3.4576],[-76.5477,3.4575],[-76.5476,3.4574],[-76.5475,3.4574],[-76.5474,3.4573],[-76.5474,3.4572],[-76.5473,3.4572],[-76.5473,3.4571],[-76.5472,3.4571],[-76.5472,3.457],[-76.547,3.4569],[-76.5471,3.4567],[-76.5472,3.4566],[-76.5474,3.4564],[-76.5477,3.4563],[-76.5479,3.4562],[-76.5479,3.4561],[-76.548,3.4561],[-76.5481,3.4561],[-76.5482,3.4561],[-76.5483,3.456],[-76.5484,3.456],[-76.5485,3.456],[-76.5485,3.4559],[-76.5484,3.4557],[-76.5482,3.4554],[-76.548,3.4551],[-76.548,3.455],[-76.548,3.4549],[-76.5481,3.4548],[-76.5482,3.4547],[-76.5483,3.4546],[-76.5484,3.4546],[-76.5493,3.4541],[-76.5494,3.4541],[-76.5496,3.4539],[-76.5497,3.4539],[-76.5497,3.4538],[-76.5498,3.4537],[-76.5499,3.4537],[-76.5502,3.4538],[-76.5503,3.4538],[-76.5504,3.4538],[-76.5505,3.4539],[-76.5506,3.4539],[-76.5507,3.4539],[-76.5508,3.4539],[-76.5509,3.4539],[-76.551,3.4539],[-76.5511,3.4539],[-76.5512,3.4539],[-76.5513,3.4539],[-76.5515,3.4539],[-76.5516,3.4538],[-76.5517,3.4538],[-76.5519,3.4537],[-76.5521,3.4536],[-76.5522,3.4536],[-76.5524,3.4535],[-76.5527,3.4534],[-76.5529,3.4534],[-76.5532,3.4533],[-76.5532,3.4532],[-76.5533,3.4532],[-76.5534,3.4531],[-76.5535,3.453],[-76.5536,3.4529],[-76.5537,3.4528],[-76.5537,3.4527],[-76.5538,3.4526],[-76.5541,3.4523],[-76.5542,3.4522],[-76.5544,3.452],[-76.5545,3.4519],[-76.5545,3.4518],[-76.5546,3.4518],[-76.5546,3.4517],[-76.5547,3.4516],[-76.5547,3.4514],[-76.5547,3.4513],[-76.5548,3.4513],[-76.5548,3.4512],[-76.5549,3.4511],[-76.555,3.4511],[-76.5551,3.4511],[-76.5555,3.451],[-76.5564,3.4507],[-76.5565,3.4507],[-76.5566,3.4507],[-76.5566,3.4506],[-76.5567,3.4506],[-76.5568,3.4504],[-76.557,3.4502],[-76.5571,3.4502],[-76.5571,3.4501],[-76.5572,3.4501],[-76.5573,3.4501],[-76.5573,3.449],[-76.5573,3.4489],[-76.5574,3.449],[-76.5575,3.449],[-76.5576,3.449],[-76.5577,3.4489],[-76.5578,3.4487],[-76.5578,3.4484],[-76.5579,3.4482],[-76.5579,3.4481],[-76.558,3.4479],[-76.558,3.4478],[-76.5581,3.4477],[-76.5582,3.4476],[-76.5584,3.4475],[-76.5586,3.4475],[-76.5588,3.4474],[-76.5591,3.4474],[-76.5592,3.4474],[-76.5593,3.4474],[-76.5594,3.4474],[-76.5595,3.4475],[-76.5595,3.4476],[-76.5595,3.4477],[-76.5596,3.4479],[-76.5596,3.448],[-76.5597,3.4481],[-76.5597,3.4482],[-76.5598,3.4482],[-76.5599,3.4483],[-76.56,3.4483],[-76.56,3.4484],[-76.5602,3.4485],[-76.5604,3.4486],[-76.5606,3.4486],[-76.5607,3.4486],[-76.5609,3.4487],[-76.5612,3.4487],[-76.5614,3.4488],[-76.5616,3.4488],[-76.5618,3.4488],[-76.5619,3.4488],[-76.5622,3.4488],[-76.5625,3.4488],[-76.5626,3.4488],[-76.5627,3.4488],[-76.5628,3.4488],[-76.5629,3.4488],[-76.563,3.4488],[-76.5631,3.4487],[-76.5633,3.4487],[-76.5634,3.4487],[-76.5635,3.4486],[-76.5636,3.4486],[-76.5636,3.4485],[-76.5636,3.4484],[-76.5637,3.4484],[-76.5638,3.4483],[-76.5639,3.4483],[-76.564,3.4483],[-76.5641,3.4483],[-76.5642,3.4483],[-76.5642,3.4484],[-76.5643,3.4484],[-76.5644,3.4484],[-76.5644,3.4485],[-76.5645,3.4486],[-76.5645,3.4487],[-76.5646,3.4487],[-76.5646,3.4488],[-76.5646,3.4489],[-76.5646,3.449],[-76.5647,3.4491],[-76.5647,3.4492],[-76.5647,3.4493],[-76.5647,3.4494],[-76.5647,3.4495],[-76.5648,3.4495],[-76.5648,3.4496],[-76.5649,3.4497],[-76.565,3.4497],[-76.565,3.4498],[-76.5651,3.4498],[-76.5652,3.4498],[-76.5652,3.4499],[-76.5653,3.4499],[-76.5654,3.4499],[-76.5655,3.4499],[-76.5656,3.4499],[-76.5657,3.4499],[-76.5658,3.4498],[-76.5659,3.4498],[-76.566,3.4497],[-76.5661,3.4496],[-76.5662,3.4496],[-76.5663,3.4496],[-76.5663,3.4495],[-76.5664,3.4495],[-76.5665,3.4495],[-76.5665,3.4494],[-76.5666,3.4494],[-76.5667,3.4493],[-76.5668,3.4493],[-76.5668,3.4492],[-76.5669,3.4492],[-76.567,3.4492],[-76.5671,3.4492],[-76.5672,3.4492],[-76.5673,3.4492],[-76.5674,3.4492],[-76.5675,3.4492],[-76.5676,3.4492],[-76.5677,3.4492],[-76.5678,3.4492],[-76.5679,3.4492],[-76.568,3.4492],[-76.5681,3.4492],[-76.5681,3.4491],[-76.5682,3.4491],[-76.5684,3.4491],[-76.5685,3.449],[-76.5685,3.4489],[-76.5686,3.4489],[-76.5687,3.4489],[-76.5687,3.4488],[-76.5688,3.4488],[-76.5689,3.4487],[-76.569,3.4488],[-76.5692,3.4488],[-76.5693,3.4489],[-76.5694,3.4489],[-76.5695,3.449],[-76.5696,3.449],[-76.5696,3.4491],[-76.5697,3.4491],[-76.5698,3.4492],[-76.5699,3.4492],[-76.5699,3.4493],[-76.57,3.4493],[-76.5701,3.4494],[-76.5702,3.4494],[-76.5703,3.4495],[-76.5704,3.4495],[-76.5705,3.4495],[-76.5706,3.4495],[-76.5707,3.4496],[-76.5708,3.4496],[-76.5709,3.4496],[-76.571,3.4496],[-76.5711,3.4496],[-76.5713,3.4496],[-76.5714,3.4496],[-76.5715,3.4495],[-76.5716,3.4495],[-76.5717,3.4495],[-76.5719,3.4495],[-76.572,3.4495],[-76.5722,3.4494],[-76.5723,3.4493],[-76.5724,3.4492],[-76.5725,3.4491],[-76.5726,3.4491],[-76.5727,3.4491],[-76.5728,3.4491],[-76.5729,3.4491],[-76.573,3.4491],[-76.5731,3.4491],[-76.5732,3.4491],[-76.5732,3.4492],[-76.5733,3.4492],[-76.5733,3.4493],[-76.5734,3.4493],[-76.5735,3.4494],[-76.5736,3.4495],[-76.5737,3.4495],[-76.5739,3.4496],[-76.574,3.4496],[-76.5741,3.4496],[-76.5742,3.4496],[-76.5743,3.4496],[-76.5744,3.4497],[-76.5745,3.4497],[-76.5746,3.4497],[-76.5747,3.4497],[-76.5749,3.4497],[-76.575,3.4497],[-76.5751,3.4497],[-76.5752,3.4497],[-76.5753,3.4497],[-76.5754,3.4497],[-76.5754,3.4498],[-76.5755,3.4498],[-76.5756,3.4498],[-76.5756,3.4499],[-76.5757,3.45],[-76.5758,3.45],[-76.5759,3.4501],[-76.576,3.4501],[-76.5761,3.4501],[-76.5763,3.4501],[-76.5765,3.45],[-76.5767,3.4499],[-76.5768,3.4498],[-76.5769,3.4498],[-76.5773,3.4496],[-76.5774,3.4496],[-76.5775,3.4496],[-76.5775,3.4497],[-76.5776,3.4497],[-76.5777,3.4497],[-76.5778,3.4498],[-76.5779,3.4498],[-76.578,3.4498],[-76.5781,3.4498],[-76.5782,3.4497],[-76.5783,3.4497],[-76.5784,3.4497],[-76.5785,3.4497],[-76.5786,3.4497],[-76.5787,3.4497],[-76.5788,3.4497],[-76.5789,3.4497],[-76.579,3.4497],[-76.5791,3.4497],[-76.5791,3.4498],[-76.5792,3.4499],[-76.5792,3.45],[-76.5793,3.4501],[-76.5793,3.4502],[-76.5793,3.4503],[-76.5794,3.4503],[-76.5794,3.4504],[-76.5794,3.4505],[-76.5795,3.4505],[-76.5795,3.4506],[-76.5796,3.4508],[-76.5797,3.4509],[-76.5798,3.451],[-76.58,3.4512],[-76.5801,3.4514],[-76.5802,3.4515],[-76.5803,3.4517],[-76.5803,3.4518],[-76.5803,3.452],[-76.5803,3.4521],[-76.5804,3.4522],[-76.5805,3.4523],[-76.5806,3.4524],[-76.5807,3.4525],[-76.5808,3.4525],[-76.581,3.4525],[-76.5811,3.4526],[-76.5812,3.4526],[-76.5812,3.4527],[-76.5813,3.4527],[-76.5814,3.4528],[-76.5815,3.4528],[-76.5815,3.4529],[-76.5817,3.453],[-76.5818,3.4532],[-76.582,3.4535],[-76.5822,3.4537],[-76.5825,3.454],[-76.5827,3.4542],[-76.5828,3.4542],[-76.5829,3.4542],[-76.583,3.4542],[-76.5832,3.4539],[-76.5835,3.4537],[-76.5837,3.4535],[-76.5839,3.4534],[-76.5842,3.4534],[-76.5845,3.4535],[-76.5847,3.4536],[-76.5848,3.4537],[-76.5849,3.4539],[-76.5849,3.4541],[-76.5849,3.4542],[-76.5848,3.4543],[-76.5847,3.4546],[-76.5846,3.4549],[-76.5845,3.455],[-76.5844,3.4552],[-76.5844,3.4553],[-76.5844,3.4554],[-76.5845,3.4556],[-76.5845,3.4558],[-76.5847,3.4561],[-76.5839,3.4567],[-76.5838,3.4568],[-76.5834,3.4571],[-76.5832,3.4572],[-76.5831,3.4572],[-76.5831,3.4573],[-76.583,3.4573],[-76.5829,3.4574],[-76.5829,3.4575],[-76.5826,3.4577],[-76.5824,3.4579],[-76.5823,3.4579],[-76.5823,3.458],[-76.582,3.4582],[-76.5818,3.4583],[-76.5816,3.4585],[-76.5815,3.4586],[-76.5814,3.4587],[-76.5813,3.4587],[-76.5812,3.4589],[-76.581,3.459],[-76.5808,3.4592],[-76.5807,3.4592],[-76.58,3.4598],[-76.5798,3.4599],[-76.5797,3.46],[-76.5796,3.46],[-76.5795,3.46],[-76.5794,3.46],[-76.5793,3.46],[-76.5793,3.4601],[-76.5792,3.4601],[-76.5791,3.4602],[-76.579,3.4602],[-76.5789,3.4602],[-76.5788,3.4602],[-76.5787,3.4601],[-76.5786,3.4601],[-76.5786,3.46],[-76.5785,3.46],[-76.5785,3.4599],[-76.5784,3.4599],[-76.5784,3.4598],[-76.5781,3.4595],[-76.5781,3.4594],[-76.578,3.4593],[-76.578,3.4592],[-76.5779,3.459],[-76.5779,3.4587],[-76.5779,3.4586],[-76.5778,3.4586],[-76.5778,3.4585],[-76.5777,3.4585],[-76.5777,3.4586],[-76.5776,3.4586],[-76.5775,3.4586],[-76.5774,3.4586],[-76.5773,3.4586],[-76.5772,3.4586],[-76.5771,3.4586],[-76.577,3.4586],[-76.5769,3.4586],[-76.5768,3.4586],[-76.5767,3.4586],[-76.5767,3.4587],[-76.5767,3.4588],[-76.5768,3.4588],[-76.5768,3.4589],[-76.5769,3.459],[-76.577,3.459],[-76.577,3.4591],[-76.5771,3.4591],[-76.5772,3.4591],[-76.5772,3.4592],[-76.5773,3.4592],[-76.5774,3.4592],[-76.5775,3.4592],[-76.5775,3.4593],[-76.5774,3.4594],[-76.5773,3.4595],[-76.5772,3.4595],[-76.5771,3.4595],[-76.577,3.4596],[-76.5769,3.4596],[-76.5768,3.4597],[-76.5767,3.4597],[-76.5766,3.4597],[-76.5765,3.4597],[-76.5764,3.4597],[-76.5764,3.4598],[-76.5763,3.4599],[-76.5763,3.46],[-76.5762,3.46],[-76.5762,3.4601],[-76.5761,3.4601],[-76.576,3.4601],[-76.5759,3.4601],[-76.5758,3.4601],[-76.5757,3.4601],[-76.5757,3.46],[-76.5756,3.46],[-76.5756,3.4599],[-76.5755,3.4599],[-76.5755,3.4598],[-76.5755,3.4597],[-76.5756,3.4597],[-76.5756,3.4596],[-76.5756,3.4595],[-76.5757,3.4594],[-76.5757,3.4593],[-76.5756,3.4593],[-76.5756,3.4592],[-76.5755,3.4591],[-76.5755,3.459],[-76.5754,3.4589],[-76.5753,3.4588],[-76.5753,3.4587],[-76.5752,3.4587],[-76.5752,3.4586],[-76.5752,3.4585],[-76.5751,3.4584],[-76.5751,3.4583],[-76.5751,3.4582],[-76.575,3.4581],[-76.5749,3.458],[-76.5748,3.458],[-76.5747,3.458],[-76.5746,3.458],[-76.5746,3.4581],[-76.5745,3.4581],[-76.5744,3.4581],[-76.5744,3.4582],[-76.5743,3.4582],[-76.5742,3.4582],[-76.5742,3.4583],[-76.5741,3.4583],[-76.574,3.4583],[-76.5739,3.4583],[-76.5739,3.4584],[-76.5738,3.4584],[-76.5737,3.4584],[-76.5736,3.4584],[-76.5735,3.4584],[-76.5734,3.4584],[-76.5733,3.4584],[-76.5732,3.4584],[-76.5731,3.4584],[-76.573,3.4584],[-76.5729,3.4584],[-76.5728,3.4583],[-76.5728,3.4582],[-76.5729,3.4581],[-76.5729,3.458],[-76.573,3.4579],[-76.573,3.4578],[-76.573,3.4577],[-76.5731,3.4576],[-76.5731,3.4575],[-76.5731,3.4574],[-76.573,3.4573],[-76.573,3.4572],[-76.5729,3.4572],[-76.5728,3.4572],[-76.5728,3.4571],[-76.5727,3.457],[-76.5727,3.4569],[-76.5727,3.4568],[-76.5727,3.4567],[-76.5727,3.4566],[-76.5727,3.4565],[-76.5727,3.4564],[-76.5727,3.4563],[-76.5727,3.4562],[-76.5726,3.4562],[-76.5726,3.4561],[-76.5725,3.4561],[-76.5724,3.4561],[-76.5723,3.4561],[-76.5723,3.4562],[-76.5722,3.4562],[-76.5721,3.4563],[-76.572,3.4563],[-76.5719,3.4564],[-76.5718,3.4565],[-76.5717,3.4566],[-76.5716,3.4567],[-76.5715,3.4567],[-76.5714,3.4566],[-76.5714,3.4565],[-76.5714,3.4564],[-76.5714,3.4563],[-76.5714,3.4562],[-76.5715,3.4561],[-76.5715,3.456],[-76.5715,3.4559],[-76.5714,3.4559],[-76.5713,3.4558],[-76.5712,3.4558],[-76.5711,3.4559],[-76.5711,3.456],[-76.571,3.456],[-76.571,3.4561],[-76.5709,3.4561],[-76.5709,3.4562],[-76.5709,3.4563],[-76.5708,3.4564],[-76.5707,3.4565],[-76.5706,3.4565],[-76.5706,3.4566],[-76.5705,3.4567],[-76.5704,3.4567],[-76.5703,3.4567],[-76.5703,3.4566],[-76.5702,3.4566],[-76.5701,3.4566],[-76.5701,3.4565],[-76.57,3.4565],[-76.5699,3.4565],[-76.5698,3.4565],[-76.5697,3.4565],[-76.5696,3.4564],[-76.5695,3.4564],[-76.5695,3.4563],[-76.5694,3.4563],[-76.5694,3.4562],[-76.5693,3.4562],[-76.5693,3.4561],[-76.5693,3.456],[-76.5692,3.456],[-76.5692,3.4559],[-76.5691,3.4558],[-76.569,3.4558],[-76.569,3.4559],[-76.5689,3.4559],[-76.5688,3.4559],[-76.5688,3.456],[-76.5687,3.456],[-76.5686,3.4561],[-76.5685,3.4562],[-76.5684,3.4562],[-76.5684,3.4563],[-76.5683,3.4563],[-76.5682,3.4564],[-76.5682,3.4565],[-76.5681,3.4565],[-76.5681,3.4566],[-76.5681,3.4567],[-76.5681,3.4568],[-76.5681,3.4569],[-76.5681,3.457],[-76.5681,3.4571],[-76.568,3.4571],[-76.568,3.457],[-76.5679,3.457],[-76.5679,3.4569],[-76.5678,3.4569],[-76.5678,3.4568],[-76.5677,3.4568],[-76.5677,3.4567],[-76.5677,3.4566],[-76.5676,3.4566],[-76.5676,3.4565],[-76.5676,3.4564],[-76.5676,3.4563],[-76.5675,3.4563],[-76.5675,3.4562],[-76.5674,3.4562],[-76.5673,3.4562],[-76.5672,3.4563],[-76.5671,3.4563],[-76.5671,3.4564],[-76.567,3.4564],[-76.5669,3.4564],[-76.5669,3.4565],[-76.5668,3.4565],[-76.5668,3.4564],[-76.5667,3.4564],[-76.5667,3.4563],[-76.5667,3.4562],[-76.5667,3.4561],[-76.5667,3.456],[-76.5668,3.456],[-76.5667,3.456],[-76.5667,3.4559],[-76.5667,3.4558],[-76.5666,3.4558],[-76.5665,3.4558],[-76.5664,3.4559],[-76.5663,3.4559],[-76.5662,3.4559],[-76.566,3.4559],[-76.5659,3.4559],[-76.5658,3.4559],[-76.5656,3.4559],[-76.5655,3.4559],[-76.5654,3.4559],[-76.5653,3.4559],[-76.5653,3.4558],[-76.5652,3.4558],[-76.5651,3.4557],[-76.565,3.4556],[-76.5649,3.4556],[-76.5648,3.4556],[-76.5646,3.4555],[-76.5645,3.4555],[-76.5644,3.4555],[-76.5643,3.4555],[-76.5642,3.4555],[-76.5641,3.4555],[-76.564,3.4555],[-76.5639,3.4555],[-76.5638,3.4555],[-76.5637,3.4555],[-76.5637,3.4554],[-76.5636,3.4554],[-76.5635,3.4554],[-76.5634,3.4554],[-76.5633,3.4554],[-76.5633,3.4555],[-76.5632,3.4555],[-76.5631,3.4555],[-76.5631,3.4556],[-76.563,3.4556],[-76.563,3.4557],[-76.563,3.4558],[-76.563,3.4559],[-76.5631,3.4559],[-76.5631,3.456],[-76.5632,3.4562],[-76.5633,3.4563],[-76.5634,3.4563],[-76.5635,3.4564],[-76.5635,3.4565],[-76.5635,3.4567],[-76.5635,3.457],[-76.5634,3.4572],[-76.5633,3.4573],[-76.5633,3.4574],[-76.5631,3.4577],[-76.563,3.4579],[-76.5628,3.4581],[-76.5626,3.4583],[-76.5624,3.4584],[-76.5623,3.4584],[-76.5622,3.4585],[-76.5621,3.4586],[-76.562,3.4587],[-76.5619,3.459],[-76.5617,3.4592],[-76.5615,3.4594],[-76.5614,3.4596],[-76.561,3.4599],[-76.5608,3.4602],[-76.5607,3.4604],[-76.5606,3.4605],[-76.5606,3.4606],[-76.5606,3.4607],[-76.5606,3.4608],[-76.5606,3.461],[-76.5605,3.4612],[-76.5606,3.4613],[-76.5606,3.4615],[-76.5606,3.4616],[-76.5607,3.4619],[-76.5607,3.462],[-76.5607,3.4623],[-76.5607,3.4626],[-76.5607,3.4628],[-76.5608,3.4633],[-76.5608,3.4635],[-76.5608,3.4636],[-76.5607,3.4636],[-76.5604,3.4635],[-76.5603,3.4635],[-76.5602,3.4635],[-76.56,3.4635],[-76.5598,3.4635],[-76.5596,3.4635],[-76.5595,3.4635],[-76.5594,3.4635],[-76.5594,3.4634],[-76.5593,3.4634],[-76.5593,3.4633],[-76.5593,3.4632],[-76.5592,3.4631],[-76.5591,3.4631],[-76.5591,3.463],[-76.559,3.463],[-76.5589,3.463]]]]}},{"type":"Feature","properties":{"code":"02","name":"Comuna 02"},"geometry":{"type":"MultiPolygon","coordinates":[[[[-76.5008,3.4921],[-76.5009,3.492],[-76.5011,3.4917],[-76.5012,3.4915],[-76.5014,3.4912],[-76.5016,3.491],[-76.5016,3.4909],[-76.5017,3.4909],[-76.5018,3.4908],[-76.502,3.4906],[-76.5022,3.4904],[-76.5023,3.4903],[-76.5024,3.4902],[-76.5024,3.4901],[-76.5025,3.4898],[-76.5026,3.4896],[-76.5027,3.4893],[-76.5028,3.4891],[-76.5029,3.4888],[-76.503,3.4886],[-76.5031,3.4885],[-76.5032,3.4884],[-76.5033,3.4883],[-76.5034,3.4883],[-76.5034,3.4882],[-76.5036,3.4882],[-76.5036,3.4881],[-76.5037,3.4879],[-76.5038,3.4877],[-76.5038,3.4876],[-76.5039,3.4875],[-76.5039,3.4873],[-76.5039,3.4872],[-76.5039,3.4871],[-76.5039,3.487],[-76.5039,3.4869],[-76.5039,3.4867],[-76.5039,3.4866],[-76.5039,3.4865],[-76.5039,3.4863],[-76.5039,3.486],[-76.5039,3.4857],[-76.5039,3.4856],[-76.5039,3.4855],[-76.504,3.4854],[-76.504,3.4853],[-76.504,3.4851],[-76.5039,3.4848],[-76.504,3.4848],[-76.5039,3.4847],[-76.5039,3.4846],[-76.5039,3.4845],[-76.5039,3.4844],[-76.504,3.4842],[-76.504,3.4841],[-76.504,3.484],[-76.504,3.4839],[-76.5041,3.4838],[-76.5041,3.4837],[-76.5042,3.4836],[-76.5043,3.4835],[-76.5044,3.4835],[-76.5045,3.4834],[-76.5046,3.4834],[-76.5047,3.4833],[-76.5048,3.4833],[-76.5049,3.4833],[-76.5051,3.4832],[-76.5052,3.4832],[-76.5054,3.4831],[-76.5056,3.483],[-76.5058,3.4829],[-76.5059,3.4828],[-76.5061,3.4827],[-76.5063,3.4826],[-76.5064,3.4825],[-76.5067,3.4824],[-76.5068,3.4823],[-76.507,3.4823],[-76.5071,3.4823],[-76.5074,3.4822],[-76.5077,3.4821],[-76.5077,3.482],[-76.5078,3.482],[-76.5079,3.482],[-76.508,3.4819],[-76.5082,3.4818],[-76.5084,3.4816],[-76.5086,3.4815],[-76.5086,3.4814],[-76.5088,3.4813],[-76.509,3.4811],[-76.5091,3.481],[-76.5091,3.4809],[-76.5091,3.4808],[-76.5092,3.4807],[-76.5093,3.4806],[-76.5093,3.4805],[-76.5094,3.4805],[-76.5094,3.4804],[-76.5095,3.4803],[-76.5095,3.4802],[-76.5096,3.48],[-76.5097,3.4799],[-76.5097,3.4798],[-76.5098,3.4797],[-76.5098,3.4796],[-76.5099,3.4795],[-76.51,3.4794],[-76.51,3.4793],[-76.5101,3.4792],[-76.5102,3.4792],[-76.5102,3.479],[-76.5103,3.479],[-76.5104,3.4789],[-76.5104,3.4788],[-76.5105,3.4786],[-76.5106,3.4785],[-76.5107,3.4784],[-76.5107,3.4783],[-76.5108,3.4782],[-76.5108,3.4781],[-76.5109,3.4781],[-76.5109,3.478],[-76.511,3.4779],[-76.511,3.4778],[-76.5111,3.4777],[-76.5112,3.4776],[-76.5112,3.4775],[-76.5113,3.4774],[-76.5114,3.4773],[-76.5114,3.4772],[-76.5115,3.4771],[-76.5116,3.477],[-76.5117,3.4769],[-76.5118,3.4768],[-76.5119,3.4767],[-76.512,3.4766],[-76.512,3.4765],[-76.5121,3.4764],[-76.5122,3.4763],[-76.5122,3.4762],[-76.5123,3.4761],[-76.5123,3.476],[-76.5124,3.476],[-76.5124,3.4759],[-76.5125,3.4758],[-76.5126,3.4757],[-76.5126,3.4756],[-76.5127,3.4755],[-76.5127,3.4754],[-76.5128,3.4754],[-76.5128,3.4753],[-76.5129,3.4752],[-76.513,3.4751],[-76.513,3.475],[-76.5131,3.4749],[-76.5132,3.4748],[-76.5133,3.4747],[-76.5134,3.4746],[-76.5135,3.4745],[-76.5136,3.4744],[-76.5137,3.4743],[-76.5138,3.4742],[-76.5139,3.4741],[-76.5139,3.474],[-76.5141,3.4737],[-76.5142,3.4734],[-76.5144,3.4732],[-76.5145,3.4731],[-76.5146,3.4729],[-76.5146,3.4728],[-76.5147,3.4727],[-76.5148,3.4726],[-76.5149,3.4725],[-76.515,3.4723],[-76.5151,3.4721],[-76.5152,3.472],[-76.5153,3.4718],[-76.5154,3.4717],[-76.5156,3.4716],[-76.5157,3.4714],[-76.5158,3.4712],[-76.5159,3.4711],[-76.516,3.471],[-76.5161,3.4708],[-76.5162,3.4707],[-76.5163,3.4705],[-76.5164,3.4704],[-76.5164,3.4703],[-76.5165,3.4702],[-76.5166,3.4701],[-76.5166,3.47],[-76.5167,3.4699],[-76.5167,3.4698],[-76.5168,3.4698],[-76.5168,3.4697],[-76.5169,3.4696],[-76.5169,3.4695],[-76.517,3.4694],[-76.517,3.4693],[-76.5171,3.4692],[-76.5171,3.4691],[-76.5172,3.4689],[-76.5172,3.4688],[-76.5173,3.4687],[-76.5173,3.4686],[-76.5174,3.4685],[-76.5174,3.4684],[-76.5175,3.4682],[-76.5175,3.4681],[-76.5176,3.468],[-76.5176,3.4679],[-76.5177,3.4677],[-76.5177,3.4676],[-76.5178,3.4675],[-76.5179,3.4673],[-76.518,3.4672],[-76.518,3.4671],[-76.518,3.467],[-76.5181,3.4669],[-76.5181,3.4667],[-76.5182,3.4666],[-76.5183,3.4665],[-76.5183,3.4664],[-76.5184,3.4663],[-76.5184,3.4662],[-76.5185,3.4661],[-76.5185,3.466],[-76.5186,3.4659],[-76.5186,3.4658],[-76.5187,3.4657],[-76.5188,3.4655],[-76.5189,3.4653],[-76.5189,3.4652],[-76.519,3.465],[-76.519,3.4649],[-76.5191,3.4648],[-76.5192,3.4647],[-76.5193,3.4646],[-76.5194,3.4645],[-76.5195,3.4644],[-76.5196,3.4643],[-76.5196,3.4642],[-76.5197,3.4641],[-76.5197,3.464],[-76.5198,3.4639],[-76.5198,3.4638],[-76.5198,3.4637],[-76.5199,3.4636],[-76.5199,3.4635],[-76.5199,3.4634],[-76.52,3.4632],[-76.5201,3.4631],[-76.5202,3.463],[-76.5202,3.4629],[-76.5203,3.4628],[-76.5204,3.4627],[-76.5205,3.4626],[-76.5206,3.4625],[-76.5207,3.4625],[-76.5211,3.4623],[-76.5213,3.4623],[-76.5214,3.4623],[-76.5218,3.4622],[-76.5219,3.4622],[-76.5221,3.4622],[-76.5222,3.4622],[-76.5223,3.4622],[-76.5224,3.4622],[-76.5225,3.4622],[-76.5227,3.4622],[-76.5229,3.4622],[-76.5231,3.4623],[-76.5233,3.4623],[-76.5234,3.4623],[-76.5235,3.4623],[-76.5236,3.4624],[-76.5237,3.4624],[-76.5238,3.4624],[-76.524,3.4624],[-76.5241,3.4624],[-76.5242,3.4623],[-76.5242,3.4622],[-76.5243,3.4622],[-76.5243,3.4621],[-76.5244,3.462],[-76.5245,3.4619],[-76.5245,3.4618],[-76.5246,3.4617],[-76.5246,3.4616],[-76.5247,3.4615],[-76.5247,3.4614],[-76.5248,3.4614],[-76.5248,3.4613],[-76.5248,3.4612],[-76.5249,3.4612],[-76.525,3.4611],[-76.525,3.461],[-76.5251,3.4609],[-76.5252,3.4609],[-76.5253,3.4608],[-76.5253,3.4607],[-76.5254,3.4607],[-76.5255,3.4606],[-76.5256,3.4605],[-76.5258,3.4605],[-76.5262,3.4603],[-76.5264,3.4601],[-76.5267,3.4599],[-76.5268,3.4598],[-76.5269,3.4597],[-76.527,3.4596],[-76.527,3.4595],[-76.5271,3.4594],[-76.5272,3.4592],[-76.5273,3.4592],[-76.5273,3.4591],[-76.5274,3.459],[-76.5274,3.4589],[-76.5275,3.4588],[-76.5275,3.4587],[-76.5276,3.4587],[-76.5276,3.4586],[-76.5276,3.4585],[-76.5276,3.4584],[-76.5277,3.4583],[-76.5277,3.4582],[-76.5278,3.4582],[-76.5279,3.4581],[-76.5281,3.458],[-76.5283,3.4579],[-76.5284,3.4579],[-76.5286,3.4578],[-76.5289,3.4578],[-76.5291,3.4577],[-76.5292,3.4577],[-76.5293,3.4577],[-76.5294,3.4577],[-76.5296,3.4578],[-76.5297,3.4579],[-76.5298,3.4579],[-76.5299,3.4579],[-76.53,3.4579],[-76.5301,3.4579],[-76.5301,3.4578],[-76.5303,3.4577],[-76.5304,3.4576],[-76.5305,3.4576],[-76.5306,3.4575],[-76.5306,3.4574],[-76.5307,3.4574],[-76.5308,3.4573],[-76.5309,3.4572],[-76.5311,3.4571],[-76.5313,3.457],[-76.5314,3.4569],[-76.5315,3.4568],[-76.5316,3.4567],[-76.5317,3.4566],[-76.5318,3.4565],[-76.5319,3.4564],[-76.5319,3.4563],[-76.5319,3.4561],[-76.5319,3.456],[-76.5319,3.4558],[-76.532,3.4558],[-76.532,3.4556],[-76.532,3.4555],[-76.532,3.4552],[-76.5321,3.4551],[-76.5321,3.4549],[-76.5321,3.4548],[-76.5322,3.4546],[-76.5323,3.4544],[-76.5323,3.4542],[-76.5324,3.4542],[-76.5324,3.4541],[-76.5325,3.454],[-76.5326,3.454],[-76.5327,3.4539],[-76.5328,3.4538],[-76.5329,3.4538],[-76.533,3.4537],[-76.5332,3.4537],[-76.5333,3.4536],[-76.5334,3.4536],[-76.5336,3.4535],[-76.5338,3.4534],[-76.5341,3.4533],[-76.5345,3.4532],[-76.5348,3.4531],[-76.535,3.453],[-76.5351,3.453],[-76.5352,3.4529],[-76.5353,3.4529],[-76.5357,3.4527],[-76.5358,3.4526],[-76.5359,3.4526],[-76.536,3.4524],[-76.5362,3.4523],[-76.5363,3.4521],[-76.5364,3.4521],[-76.5365,3.4519],[-76.5367,3.4518],[-76.5368,3.4518],[-76.5369,3.4517],[-76.537,3.4516],[-76.5371,3.4515],[-76.5372,3.4514],[-76.5374,3.4513],[-76.5375,3.4512],[-76.5377,3.4511],[-76.5378,3.4511],[-76.538,3.451],[-76.5381,3.4509],[-76.5382,3.4509],[-76.5385,3.4508],[-76.5387,3.4507],[-76.5389,3.4507],[-76.539,3.4507],[-76.5391,3.4507],[-76.5392,3.4507],[-76.5393,3.4507],[-76.5394,3.4507],[-76.5395,3.4507],[-76.5397,3.4507],[-76.5399,3.4507],[-76.5401,3.4508],[-76.5405,3.4509],[-76.5407,3.451],[-76.5408,3.4512],[-76.541,3.4513],[-76.5411,3.4513],[-76.5412,3.4514],[-76.5413,3.4515],[-76.5414,3.4515],[-76.5415,3.4516],[-76.5417,3.4516],[-76.5418,3.4516],[-76.5418,3.4515],[-76.5419,3.4515],[-76.542,3.4515],[-76.5421,3.4515],[-76.5422,3.4515],[-76.5427,3.4513],[-76.5428,3.4512],[-76.5429,3.4512],[-76.5429,3.4511],[-76.543,3.4511],[-76.5431,3.4511],[-76.5432,3.4511],[-76.5434,3.4511],[-76.5435,3.4511],[-76.5436,3.4511],[-76.5437,3.4511],[-76.5438,3.4511],[-76.5439,3.4511],[-76.544,3.4512],[-76.5441,3.4512],[-76.5442,3.4512],[-76.5443,3.4512],[-76.5444,3.4512],[-76.5445,3.4512],[-76.5445,3.4503],[-76.5445,3.4502],[-76.5445,3.4497],[-76.5445,3.4496],[-76.5445,3.4495],[-76.5444,3.4495],[-76.5444,3.4494],[-76.5443,3.4493],[-76.5442,3.4492],[-76.5441,3.4492],[-76.5441,3.4491],[-76.544,3.449],[-76.544,3.4488],[-76.5439,3.4487],[-76.5439,3.4486],[-76.5438,3.4486],[-76.5437,3.4486],[-76.5436,3.4487],[-76.5433,3.4488],[-76.543,3.4489],[-76.5427,3.449],[-76.5426,3.449],[-76.5425,3.4489],[-76.543,3.4487],[-76.5433,3.4486],[-76.5434,3.4485],[-76.5437,3.4484],[-76.5441,3.4482],[-76.5442,3.4481],[-76.5444,3.4481],[-76.5445,3.4481],[-76.5446,3.4482],[-76.5447,3.4482],[-76.5448,3.4483],[-76.5449,3.4483],[-76.545,3.4483],[-76.5451,3.4483],[-76.5452,3.4482],[-76.5453,3.4482],[-76.5455,3.4482],[-76.5456,3.4482],[-76.5457,3.4481],[-76.5458,3.4481],[-76.5461,3.4481],[-76.5463,3.4481],[-76.5464,3.4481],[-76.5465,3.4481],[-76.5466,3.448],[-76.5466,3.4479],[-76.5466,3.4478],[-76.5466,3.4477],[-76.5465,3.4476],[-76.5463,3.4476],[-76.5462,3.4475],[-76.5461,3.4475],[-76.5461,3.4474],[-76.546,3.4474],[-76.546,3.4473],[-76.5459,3.4473],[-76.5459,3.4472],[-76.5459,3.4471],[-76.5459,3.447],[-76.5459,3.4469],[-76.546,3.4468],[-76.5461,3.4467],[-76.5461,3.4466],[-76.5463,3.4468],[-76.5465,3.4469],[-76.5467,3.447],[-76.547,3.447],[-76.5473,3.447],[-76.5474,3.447],[-76.5476,3.447],[-76.548,3.4471],[-76.5482,3.4471],[-76.5484,3.4472],[-76.5485,3.4472],[-76.5486,3.4471],[-76.5487,3.4471],[-76.5488,3.4471],[-76.549,3.4472],[-76.5493,3.4474],[-76.5494,3.4475],[-76.5495,3.4476],[-76.5496,3.4476],[-76.5497,3.4476],[-76.5497,3.4475],[-76.5498,3.4475],[-76.5499,3.4475],[-76.5501,3.4474],[-76.5502,3.4473],[-76.5505,3.4476],[-76.551,3.4473],[-76.551,3.4472],[-76.5511,3.4472],[-76.5513,3.447],[-76.5514,3.447],[-76.5515,3.4469],[-76.5517,3.4469],[-76.5519,3.4469],[-76.5521,3.447],[-76.5522,3.4472],[-76.5523,3.4472],[-76.5524,3.4472],[-76.5528,3.447],[-76.5529,3.4469],[-76.553,3.4467],[-76.553,3.4466],[-76.5531,3.4464],[-76.5533,3.4464],[-76.5534,3.4465],[-76.5536,3.4467],[-76.5539,3.4468],[-76.5541,3.4468],[-76.5544,3.4467],[-76.5545,3.4469],[-76.5546,3.4471],[-76.5546,3.4472],[-76.5545,3.4473],[-76.5545,3.4474],[-76.5544,3.4476],[-76.5544,3.4477],[-76.5544,3.4478],[-76.5546,3.4479],[-76.5549,3.4479],[-76.5552,3.4479],[-76.5553,3.4479],[-76.5554,3.448],[-76.5555,3.4481],[-76.5556,3.4481],[-76.5557,3.4481],[-76.5557,3.448],[-76.5558,3.448],[-76.5559,3.4479],[-76.556,3.4478],[-76.5561,3.4477],[-76.5562,3.4477],[-76.5563,3.4477],[-76.5564,3.4477],[-76.5565,3.4477],[-76.5566,3.4478],[-76.5567,3.4479],[-76.5566,3.4479],[-76.5565,3.448],[-76.5564,3.4481],[-76.5563,3.4482],[-76.5563,3.4483],[-76.5564,3.4483],[-76.5564,3.4484],[-76.5565,3.4484],[-76.5566,3.4485],[-76.5567,3.4485],[-76.5568,3.4485],[-76.5568,3.4486],[-76.557,3.4486],[-76.557,3.4487],[-76.5571,3.4487],[-76.5571,3.4488],[-76.5572,3.4488],[-76.5573,3.4489],[-76.5573,3.449],[-76.5573,3.4501],[-76.5572,3.4501],[-76.5571,3.4501],[-76.5571,3.4502],[-76.557,3.4502],[-76.5568,3.4504],[-76.5567,3.4506],[-76.5566,3.4506],[-76.5566,3.4507],[-76.5565,3.4507],[-76.5564,3.4507],[-76.5555,3.451],[-76.5551,3.4511],[-76.555,3.4511],[-76.5549,3.4511],[-76.5548,3.4512],[-76.5548,3.4513],[-76.5547,3.4513],[-76.5547,3.4514],[-76.5547,3.4516],[-76.5546,3.4517],[-76.5546,3.4518],[-76.5545,3.4518],[-76.5545,3.4519],[-76.5544,3.452],[-76.5542,3.4522],[-76.5541,3.4523],[-76.5538,3.4526],[-76.5537,3.4527],[-76.5537,3.4528],[-76.5536,3.4529],[-76.5535,3.453],[-76.5534,3.4531],[-76.5533,3.4532],[-76.5532,3.4532],[-76.5532,3.4533],[-76.5529,3.4534],[-76.5527,3.4534],[-76.5524,3.4535],[-76.5522,3.4536],[-76.5521,3.4536],[-76.5519,3.4537],[-76.5517,3.4538],[-76.5516,3.4538],[-76.5515,3.4539],[-76.5513,3.4539],[-76.5512,3.4539],[-76.5511,3.4539],[-76.551,3.4539],[-76.5509,3.4539],[-76.5508,3.4539],[-76.5507,3.4539],[-76.5506,3.4539],[-76.5505,3.4539],[-76.5504,3.4538],[-76.5503,3.4538],[-76.5502,3.4538],[-76.5499,3.4537],[-76.5498,3.4537],[-76.5497,3.4538],[-76.5497,3.4539],[-76.5496,3.4539],[-76.5494,3.4541],[-76.5493,3.4541],[-76.5484,3.4546],[-76.5483,3.4546],[-76.5482,3.4547],[-76.5481,3.4548],[-76.548,3.4549],[-76.548,3.455],[-76.548,3.4551],[-76.5482,3.4554],[-76.5484,3.4557],[-76.5485,3.4559],[-76.5485,3.456],[-76.5484,3.456],[-76.5483,3.456],[-76.5482,3.4561],[-76.5481,3.4561],[-76.548,3.4561],[-76.5479,3.4561],[-76.5479,3.4562],[-76.5477,3.4563],[-76.5474,3.4564],[-76.5472,3.4566],[-76.5471,3.4567],[-76.547,3.4569],[-76.5469,3.4569],[-76.5468,3.4568],[-76.5467,3.4568],[-76.5467,3.4569],[-76.5467,3.4571],[-76.5467,3.4572],[-76.5464,3.4572],[-76.5464,3.4573],[-76.5463,3.4573],[-76.5461,3.4573],[-76.5461,3.4572],[-76.546,3.4572],[-76.5459,3.4572],[-76.5459,3.4571],[-76.5459,3.4572],[-76.5458,3.4572],[-76.5458,3.4571],[-76.5457,3.4571],[-76.5456,3.4571],[-76.5456,3.457],[-76.5455,3.457],[-76.5454,3.457],[-76.5453,3.457],[-76.5453,3.4569],[-76.5452,3.4569],[-76.5452,3.4568],[-76.5451,3.4567],[-76.5451,3.4566],[-76.545,3.4566],[-76.5449,3.4565],[-76.5448,3.4565],[-76.5447,3.4565],[-76.5446,3.4565],[-76.5446,3.4564],[-76.5445,3.4564],[-76.5444,3.4564],[-76.5443,3.4564],[-76.5443,3.4563],[-76.5442,3.4563],[-76.5442,3.4564],[-76.5442,3.4563],[-76.5441,3.4561],[-76.5441,3.456],[-76.544,3.456],[-76.544,3.4559],[-76.544,3.4558],[-76.5439,3.4556],[-76.5439,3.4554],[-76.5438,3.4552],[-76.5437,3.4552],[-76.5436,3.4552],[-76.5435,3.4552],[-76.5435,3.4553],[-76.5434,3.4553],[-76.5434,3.4552],[-76.5433,3.4552],[-76.5432,3.4552],[-76.5431,3.4552],[-76.543,3.4552],[-76.5429,3.4552],[-76.5429,3.4553],[-76.5428,3.4553],[-76.5427,3.4553],[-76.5427,3.4554],[-76.5427,3.4555],[-76.5427,3.4556],[-76.5427,3.4557],[-76.5426,3.4557],[-76.5426,3.4558],[-76.5425,3.4558],[-76.5424,3.4558],[-76.5423,3.4558],[-76.5422,3.4558],[-76.5422,3.4559],[-76.5421,3.4559],[-76.542,3.4559],[-76.542,3.4558],[-76.542,3.4559],[-76.5419,3.4559],[-76.5418,3.4559],[-76.5417,3.4559],[-76.5416,3.4559],[-76.5416,3.456],[-76.5415,3.456],[-76.5415,3.4559],[-76.5414,3.4559],[-76.5414,3.4558],[-76.5414,3.4557],[-76.5414,3.4556],[-76.5414,3.4555],[-76.5414,3.4554],[-76.5414,3.4553],[-76.5414,3.4551],[-76.5413,3.4551],[-76.5413,3.455],[-76.5413,3.4549],[-76.5412,3.4549],[-76.5412,3.4548],[-76.5411,3.4547],[-76.5411,3.4546],[-76.541,3.4545],[-76.541,3.4542],[-76.541,3.4539],[-76.541,3.4537],[-76.5413,3.4538],[-76.5414,3.4537],[-76.5414,3.4536],[-76.5415,3.4536],[-76.5415,3.4535],[-76.5415,3.4534],[-76.5415,3.4533],[-76.5415,3.4532],[-76.5415,3.4531],[-76.5415,3.453],[-76.5415,3.4529],[-76.5415,3.4528],[-76.5415,3.4527],[-76.5415,3.4526],[-76.5414,3.4525],[-76.5414,3.4524],[-76.5414,3.4523],[-76.5413,3.4523],[-76.5413,3.4522],[-76.5412,3.4522],[-76.5411,3.4522],[-76.5411,3.4521],[-76.541,3.4521],[-76.5409,3.4521],[-76.5409,3.452],[-76.5408,3.452],[-76.5408,3.4519],[-76.5407,3.4519],[-76.5407,3.4518],[-76.5406,3.4518],[-76.5405,3.4518],[-76.5404,3.4518],[-76.5403,3.4519],[-76.5402,3.4519],[-76.5402,3.452],[-76.5401,3.452],[-76.5401,3.4521],[-76.54,3.4521],[-76.54,3.4522],[-76.54,3.4523],[-76.54,3.4524],[-76.54,3.4525],[-76.5399,3.4526],[-76.5399,3.4527],[-76.5399,3.4528],[-76.5399,3.4529],[-76.5399,3.453],[-76.5399,3.4531],[-76.5398,3.4531],[-76.5398,3.4532],[-76.5398,3.4533],[-76.5399,3.4533],[-76.5399,3.4534],[-76.5399,3.4535],[-76.5399,3.4537],[-76.54,3.4541],[-76.5397,3.4542],[-76.5397,3.4543],[-76.5398,3.4545],[-76.5398,3.4546],[-76.5396,3.4547],[-76.5395,3.4547],[-76.5395,3.4548],[-76.5395,3.4549],[-76.5395,3.455],[-76.5395,3.4551],[-76.5394,3.4552],[-76.5394,3.4553],[-76.5394,3.4554],[-76.5393,3.4554],[-76.5393,3.4555],[-76.5392,3.4556],[-76.5392,3.4557],[-76.5392,3.4558],[-76.5391,3.4559],[-76.5391,3.4561],[-76.5391,3.4562],[-76.5391,3.4563],[-76.5391,3.4564],[-76.5391,3.4565],[-76.5391,3.4566],[-76.5391,3.4567],[-76.539,3.4567],[-76.5389,3.4568],[-76.5388,3.4571],[-76.5388,3.4572],[-76.5387,3.4572],[-76.5387,3.4573],[-76.5386,3.4573],[-76.5386,3.4574],[-76.5386,3.4575],[-76.5385,3.4576],[-76.5385,3.4577],[-76.5384,3.4577],[-76.5384,3.4578],[-76.5384,3.4579],[-76.5383,3.4579],[-76.5383,3.458],[-76.5384,3.4581],[-76.5383,3.4582],[-76.5383,3.4583],[-76.5382,3.4583],[-76.5383,3.4584],[-76.5382,3.4586],[-76.5382,3.4587],[-76.5381,3.4588],[-76.538,3.4587],[-76.5379,3.4587],[-76.5378,3.4586],[-76.5378,3.4587],[-76.5377,3.4589],[-76.5376,3.4589],[-76.5375,3.4589],[-76.5375,3.4588],[-76.5374,3.4589],[-76.5373,3.4593],[-76.5372,3.4596],[-76.5371,3.46],[-76.5371,3.4601],[-76.5371,3.4603],[-76.5372,3.4604],[-76.5373,3.4605],[-76.5373,3.4606],[-76.5372,3.4606],[-76.5372,3.4607],[-76.5372,3.4606],[-76.5371,3.4607],[-76.537,3.4609],[-76.5368,3.4612],[-76.5367,3.4612],[-76.5367,3.4613],[-76.5367,3.4614],[-76.5366,3.4614],[-76.5366,3.4615],[-76.5365,3.4615],[-76.5365,3.4616],[-76.5365,3.4617],[-76.5364,3.4617],[-76.5364,3.4618],[-76.5364,3.4619],[-76.5363,3.4619],[-76.5363,3.462],[-76.5364,3.462],[-76.5364,3.4621],[-76.5364,3.4622],[-76.5364,3.4623],[-76.5364,3.4624],[-76.5363,3.4624],[-76.5363,3.4625],[-76.5363,3.4626],[-76.5363,3.4627],[-76.5362,3.4628],[-76.5361,3.463],[-76.536,3.4632],[-76.5359,3.4633],[-76.5358,3.4634],[-76.5358,3.4635],[-76.5357,3.4635],[-76.5356,3.4636],[-76.5357,3.4637],[-76.5357,3.4638],[-76.5356,3.4638],[-76.5353,3.4641],[-76.5352,3.4641],[-76.5351,3.4642],[-76.535,3.4643],[-76.5349,3.4643],[-76.5348,3.4643],[-76.5348,3.4644],[-76.5349,3.4644],[-76.5349,3.4645],[-76.535,3.4646],[-76.535,3.4647],[-76.5351,3.4648],[-76.5351,3.4649],[-76.5347,3.4652],[-76.5346,3.4652],[-76.5345,3.4649],[-76.5344,3.465],[-76.5344,3.4653],[-76.5344,3.4654],[-76.5344,3.4655],[-76.5344,3.4656],[-76.5344,3.4657],[-76.5344,3.4658],[-76.5345,3.4659],[-76.5345,3.466],[-76.5345,3.4663],[-76.5345,3.4664],[-76.5344,3.4664],[-76.5344,3.4666],[-76.5341,3.4669],[-76.534,3.467],[-76.5339,3.4671],[-76.5338,3.4674],[-76.5338,3.4675],[-76.5337,3.4676],[-76.5336,3.4677],[-76.5335,3.4678],[-76.5335,3.4679],[-76.5333,3.4681],[-76.5333,3.4682],[-76.5332,3.4682],[-76.5332,3.4683],[-76.5332,3.4684],[-76.5332,3.4685],[-76.5332,3.4686],[-76.5332,3.4687],[-76.5332,3.4688],[-76.5332,3.4689],[-76.5331,3.469],[-76.5331,3.4691],[-76.5331,3.4692],[-76.5331,3.4693],[-76.5331,3.4694],[-76.5331,3.4695],[-76.533,3.4695],[-76.533,3.4696],[-76.533,3.4697],[-76.533,3.4698],[-76.5329,3.4698],[-76.5329,3.4699],[-76.5329,3.47],[-76.5329,3.4701],[-76.5329,3.4702],[-76.5329,3.4703],[-76.5329,3.4704],[-76.5329,3.4705],[-76.5328,3.4705],[-76.5327,3.4705],[-76.5326,3.4705],[-76.5325,3.4705],[-76.5324,3.4705],[-76.5324,3.4704],[-76.5323,3.4704],[-76.5322,3.4704],[-76.5322,3.4705],[-76.5321,3.4705],[-76.5321,3.4706],[-76.5321,3.4707],[-76.5321,3.4708],[-76.5321,3.4709],[-76.532,3.4709],[-76.532,3.471],[-76.532,3.4711],[-76.5319,3.4711],[-76.5319,3.4712],[-76.5319,3.4713],[-76.5318,3.4713],[-76.5318,3.4714],[-76.5317,3.4714],[-76.5317,3.4715],[-76.5316,3.4715],[-76.5316,3.4716],[-76.5315,3.4716],[-76.5314,3.4716],[-76.5314,3.4717],[-76.5313,3.4717],[-76.5315,3.4719],[-76.5314,3.472],[-76.5313,3.4721],[-76.5312,3.4723],[-76.5311,3.4725],[-76.5314,3.473],[-76.5322,3.4732],[-76.5322,3.4733],[-76.5321,3.4736],[-76.5321,3.4739],[-76.5323,3.4741],[-76.5323,3.4747],[-76.5322,3.4747],[-76.5322,3.4748],[-76.5321,3.4748],[-76.532,3.4749],[-76.5318,3.475],[-76.5317,3.4751],[-76.5316,3.4751],[-76.5315,3.4752],[-76.5314,3.4753],[-76.5313,3.4754],[-76.5313,3.4755],[-76.5312,3.4755],[-76.5311,3.4755],[-76.5309,3.4755],[-76.5308,3.4756],[-76.5307,3.4757],[-76.5306,3.4757],[-76.5305,3.4757],[-76.5305,3.4758],[-76.5304,3.4759],[-76.5304,3.476],[-76.5303,3.476],[-76.5303,3.4761],[-76.5302,3.4761],[-76.5302,3.4762],[-76.5301,3.4763],[-76.5301,3.4764],[-76.5301,3.4765],[-76.53,3.4765],[-76.53,3.4766],[-76.53,3.4767],[-76.5299,3.4768],[-76.5299,3.4769],[-76.5299,3.477],[-76.5299,3.4771],[-76.5298,3.4771],[-76.5298,3.4772],[-76.5298,3.4773],[-76.5297,3.4773],[-76.5297,3.4774],[-76.5296,3.4775],[-76.5296,3.4776],[-76.5296,3.4777],[-76.5295,3.4777],[-76.5295,3.4778],[-76.5295,3.4779],[-76.5294,3.4779],[-76.5294,3.478],[-76.5294,3.4781],[-76.5294,3.4782],[-76.5294,3.4783],[-76.5293,3.4784],[-76.5293,3.4785],[-76.5293,3.4786],[-76.5293,3.4787],[-76.5293,3.4788],[-76.5293,3.4789],[-76.5293,3.479],[-76.5292,3.479],[-76.5292,3.4791],[-76.5292,3.4792],[-76.5292,3.4793],[-76.5292,3.4794],[-76.5292,3.4795],[-76.5293,3.4796],[-76.5293,3.4797],[-76.5292,3.4797],[-76.5292,3.4798],[-76.5292,3.4799],[-76.5292,3.48],[-76.5292,3.4801],[-76.5291,3.4802],[-76.5292,3.4802],[-76.5293,3.4802],[-76.5293,3.4803],[-76.5292,3.4804],[-76.5293,3.4805],[-76.5294,3.4805],[-76.5295,3.4805],[-76.5297,3.4806],[-76.5301,3.4807],[-76.5305,3.481],[-76.531,3.4812],[-76.5312,3.4816],[-76.5309,3.482],[-76.5305,3.482],[-76.5304,3.482],[-76.5303,3.482],[-76.5304,3.4821],[-76.5304,3.4823],[-76.5304,3.4824],[-76.5304,3.4826],[-76.5304,3.4831],[-76.5304,3.4833],[-76.5305,3.4833],[-76.5305,3.4834],[-76.5306,3.4835],[-76.5307,3.4835],[-76.5308,3.4836],[-76.5309,3.4836],[-76.531,3.4836],[-76.5311,3.4836],[-76.5312,3.4836],[-76.5312,3.4837],[-76.5313,3.4837],[-76.5313,3.4838],[-76.5314,3.4839],[-76.5315,3.4839],[-76.5316,3.484],[-76.5317,3.484],[-76.5317,3.4841],[-76.5318,3.4841],[-76.5319,3.4842],[-76.532,3.4843],[-76.532,3.4844],[-76.5321,3.4844],[-76.5321,3.4845],[-76.5322,3.4845],[-76.5322,3.4846],[-76.5323,3.4846],[-76.5324,3.4847],[-76.5325,3.4848],[-76.5325,3.4849],[-76.5326,3.485],[-76.5327,3.4851],[-76.5327,3.4852],[-76.5328,3.4852],[-76.5328,3.4853],[-76.5327,3.4853],[-76.5327,3.4854],[-76.5327,3.4855],[-76.5327,3.4856],[-76.5328,3.4856],[-76.5329,3.4857],[-76.533,3.4857],[-76.5331,3.4857],[-76.5332,3.4857],[-76.5333,3.4858],[-76.5334,3.4858],[-76.5334,3.4859],[-76.5334,3.486],[-76.5333,3.4861],[-76.5333,3.4862],[-76.5333,3.4863],[-76.5334,3.4863],[-76.5335,3.4863],[-76.5336,3.4863],[-76.5337,3.4863],[-76.5338,3.4864],[-76.5339,3.4865],[-76.534,3.4865],[-76.534,3.4866],[-76.5341,3.4867],[-76.5341,3.4868],[-76.5342,3.4868],[-76.5343,3.4869],[-76.5343,3.487],[-76.5344,3.4871],[-76.5344,3.4872],[-76.5345,3.4872],[-76.5345,3.4873],[-76.5345,3.4874],[-76.5345,3.4875],[-76.5344,3.4876],[-76.5344,3.4877],[-76.5345,3.4877],[-76.5346,3.4877],[-76.5347,3.4877],[-76.5348,3.4877],[-76.5349,3.4878],[-76.5351,3.4878],[-76.5351,3.4879],[-76.5352,3.4879],[-76.5353,3.488],[-76.5353,3.4881],[-76.5354,3.4882],[-76.5355,3.4883],[-76.5354,3.4884],[-76.5353,3.4885],[-76.5352,3.4885],[-76.5352,3.4884],[-76.5351,3.4884],[-76.535,3.4884],[-76.5349,3.4884],[-76.5349,3.4883],[-76.5348,3.4883],[-76.5347,3.4883],[-76.5346,3.4883],[-76.5344,3.4882],[-76.5343,3.4882],[-76.5342,3.4882],[-76.5341,3.4882],[-76.534,3.4882],[-76.5342,3.4884],[-76.5343,3.4885],[-76.5346,3.4887],[-76.5347,3.4888],[-76.5348,3.4889],[-76.5349,3.489],[-76.5349,3.4891],[-76.535,3.4891],[-76.535,3.4892],[-76.535,3.4893],[-76.535,3.4894],[-76.5351,3.4894],[-76.5352,3.4894],[-76.5352,3.4895],[-76.5353,3.4895],[-76.5353,3.4896],[-76.5353,3.4897],[-76.5354,3.4898],[-76.5355,3.4898],[-76.5356,3.4898],[-76.5357,3.4898],[-76.5358,3.4899],[-76.5357,3.4899],[-76.5356,3.4899],[-76.5356,3.49],[-76.5355,3.49],[-76.5355,3.4901],[-76.5354,3.4901],[-76.5354,3.4902],[-76.5354,3.4903],[-76.5353,3.4903],[-76.5353,3.4904],[-76.5353,3.4905],[-76.5352,3.4905],[-76.5351,3.4905],[-76.535,3.4905],[-76.5349,3.4905],[-76.5349,3.4906],[-76.5349,3.4907],[-76.5349,3.4908],[-76.5349,3.4909],[-76.535,3.4909],[-76.535,3.491],[-76.535,3.4911],[-76.535,3.4912],[-76.535,3.4913],[-76.5349,3.4913],[-76.5349,3.4914],[-76.5349,3.4915],[-76.5349,3.4916],[-76.5351,3.4918],[-76.5353,3.4919],[-76.5355,3.492],[-76.5354,3.492],[-76.5353,3.492],[-76.5353,3.4921],[-76.5352,3.4921],[-76.5352,3.4922],[-76.5351,3.4922],[-76.535,3.4922],[-76.5349,3.4922],[-76.5349,3.4923],[-76.5348,3.4923],[-76.5348,3.4924],[-76.5347,3.4925],[-76.5347,3.4926],[-76.5346,3.4926],[-76.5346,3.4927],[-76.5345,3.4927],[-76.5345,3.4928],[-76.5344,3.4928],[-76.5343,3.4929],[-76.5342,3.4929],[-76.5341,3.4926],[-76.534,3.4925],[-76.5339,3.4924],[-76.5339,3.4923],[-76.5338,3.4923],[-76.5338,3.4922],[-76.5336,3.492],[-76.5335,3.4917],[-76.5334,3.4914],[-76.5334,3.4913],[-76.5334,3.4912],[-76.5334,3.491],[-76.5333,3.4909],[-76.5332,3.4908],[-76.5331,3.4908],[-76.533,3.4908],[-76.5329,3.4909],[-76.5329,3.491],[-76.5328,3.4909],[-76.5327,3.4908],[-76.5327,3.4907],[-76.5326,3.4906],[-76.5325,3.4904],[-76.5325,3.4902],[-76.5326,3.4899],[-76.5325,3.4896],[-76.5323,3.4897],[-76.5322,3.4897],[-76.5321,3.4897],[-76.5321,3.4898],[-76.532,3.4899],[-76.5319,3.4901],[-76.5318,3.4901],[-76.5317,3.4902],[-76.5316,3.4902],[-76.5315,3.4903],[-76.5314,3.4903],[-76.5314,3.4902],[-76.5313,3.4903],[-76.5312,3.4903],[-76.5312,3.4902],[-76.5312,3.4901],[-76.5312,3.49],[-76.5312,3.4899],[-76.5312,3.4898],[-76.5312,3.4897],[-76.5312,3.4896],[-76.5312,3.4895],[-76.5312,3.4894],[-76.5312,3.4893],[-76.5313,3.4893],[-76.5313,3.4892],[-76.5313,3.4891],[-76.5314,3.4891],[-76.5315,3.4891],[-76.5316,3.489],[-76.5316,3.4889],[-76.5315,3.4889],[-76.5315,3.4888],[-76.5315,3.4887],[-76.5315,3.4886],[-76.5315,3.4885],[-76.5315,3.4884],[-76.5314,3.4884],[-76.5314,3.4883],[-76.5313,3.4882],[-76.5312,3.4882],[-76.5311,3.4882],[-76.531,3.4882],[-76.5309,3.4882],[-76.5309,3.4883],[-76.5308,3.4883],[-76.5308,3.4884],[-76.5307,3.4884],[-76.5306,3.4884],[-76.5305,3.4884],[-76.5304,3.4884],[-76.5304,3.4885],[-76.5303,3.4885],[-76.5302,3.4885],[-76.5302,3.4886],[-76.5301,3.4886],[-76.5301,3.4885],[-76.53,3.4885],[-76.5299,3.4884],[-76.5298,3.4884],[-76.5298,3.4885],[-76.5297,3.4886],[-76.5297,3.4887],[-76.5296,3.4887],[-76.5295,3.4888],[-76.5295,3.4889],[-76.5294,3.4889],[-76.5294,3.489],[-76.5294,3.4891],[-76.5295,3.4891],[-76.5295,3.4892],[-76.5294,3.4892],[-76.5294,3.4893],[-76.5294,3.4894],[-76.5294,3.4895],[-76.5294,3.4896],[-76.5294,3.4897],[-76.5293,3.4897],[-76.5292,3.4897],[-76.5292,3.4898],[-76.5291,3.4899],[-76.5291,3.4898],[-76.529,3.4898],[-76.5289,3.4898],[-76.5288,3.4899],[-76.5287,3.4899],[-76.5287,3.4898],[-76.5286,3.4898],[-76.5285,3.4898],[-76.5284,3.4899],[-76.5283,3.4899],[-76.5283,3.49],[-76.5282,3.49],[-76.5282,3.4901],[-76.5282,3.4902],[-76.5281,3.4903],[-76.5281,3.4904],[-76.5281,3.4905],[-76.5281,3.4906],[-76.528,3.4907],[-76.5281,3.4907],[-76.5281,3.4908],[-76.5282,3.4908],[-76.5282,3.4909],[-76.5282,3.491],[-76.5282,3.4911],[-76.5282,3.4913],[-76.5282,3.4914],[-76.5282,3.4921],[-76.5282,3.4923],[-76.5282,3.4924],[-76.5281,3.4925],[-76.5281,3.4926],[-76.5282,3.4926],[-76.5283,3.4926],[-76.5283,3.4927],[-76.5283,3.4929],[-76.5283,3.4932],[-76.5283,3.4933],[-76.5283,3.4934],[-76.5284,3.4975],[-76.5283,3.4975],[-76.5282,3.4975],[-76.5281,3.4976],[-76.528,3.4976],[-76.528,3.4977],[-76.5279,3.4977],[-76.5278,3.4977],[-76.5277,3.4977],[-76.5277,3.4976],[-76.5276,3.4976],[-76.5275,3.4976],[-76.5274,3.4976],[-76.5273,3.4976],[-76.5272,3.4976],[-76.5271,3.4976],[-76.5271,3.4977],[-76.527,3.4977],[-76.5269,3.4976],[-76.5269,3.4975],[-76.5268,3.4975],[-76.5268,3.4974],[-76.5267,3.4974],[-76.5267,3.4973],[-76.5266,3.4973],[-76.5266,3.4972],[-76.5265,3.4972],[-76.5264,3.4972],[-76.5263,3.4971],[-76.5262,3.4971],[-76.5262,3.4972],[-76.5261,3.4972],[-76.526,3.4972],[-76.526,3.4973],[-76.5259,3.4973],[-76.5259,3.4972],[-76.5258,3.4971],[-76.5257,3.4971],[-76.5256,3.4972],[-76.5255,3.4972],[-76.5254,3.4972],[-76.5253,3.4973],[-76.5252,3.4973],[-76.5251,3.4973],[-76.525,3.4973],[-76.525,3.4972],[-76.5249,3.4972],[-76.5249,3.4971],[-76.5248,3.4971],[-76.5248,3.497],[-76.5247,3.497],[-76.5247,3.4969],[-76.5246,3.4969],[-76.5246,3.4968],[-76.5246,3.4967],[-76.5245,3.4967],[-76.5245,3.4966],[-76.5244,3.4966],[-76.5243,3.4967],[-76.5242,3.4968],[-76.5241,3.4968],[-76.5241,3.4967],[-76.5241,3.4966],[-76.5241,3.4965],[-76.5242,3.4965],[-76.5242,3.4964],[-76.5243,3.4964],[-76.5243,3.4963],[-76.5242,3.4962],[-76.5242,3.4961],[-76.5241,3.496],[-76.524,3.496],[-76.5239,3.496],[-76.5239,3.4959],[-76.5238,3.4959],[-76.5235,3.4957],[-76.5235,3.4956],[-76.5234,3.4956],[-76.5233,3.4954],[-76.5233,3.4953],[-76.5232,3.4953],[-76.5232,3.4952],[-76.5231,3.4951],[-76.5231,3.495],[-76.523,3.495],[-76.5229,3.4949],[-76.5229,3.4948],[-76.5224,3.4945],[-76.5218,3.4943],[-76.5201,3.4938],[-76.5186,3.4933],[-76.5179,3.4931],[-76.5176,3.493],[-76.5175,3.493],[-76.517,3.4928],[-76.5165,3.4926],[-76.5159,3.4924],[-76.5153,3.4923],[-76.5147,3.492],[-76.5146,3.492],[-76.5142,3.4919],[-76.5135,3.4917],[-76.5134,3.4917],[-76.513,3.4915],[-76.5129,3.4915],[-76.5127,3.4914],[-76.5123,3.4913],[-76.512,3.4912],[-76.5118,3.4911],[-76.5114,3.4908],[-76.5112,3.4907],[-76.511,3.4906],[-76.5109,3.4906],[-76.5108,3.4905],[-76.5101,3.4903],[-76.5094,3.4901],[-76.5094,3.4902],[-76.5092,3.4908],[-76.509,3.4916],[-76.5089,3.4915],[-76.5085,3.4914],[-76.5078,3.4912],[-76.5077,3.4915],[-76.5075,3.4921],[-76.507,3.492],[-76.5068,3.4924],[-76.5066,3.493],[-76.5074,3.4932],[-76.5079,3.4934],[-76.5081,3.4935],[-76.5085,3.4936],[-76.5081,3.4937],[-76.508,3.4938],[-76.5078,3.4939],[-76.5074,3.4941],[-76.5064,3.4945],[-76.5053,3.4949],[-76.5031,3.4959],[-76.5028,3.496],[-76.5025,3.4961],[-76.502,3.4964],[-76.5016,3.4965],[-76.5012,3.4967],[-76.5011,3.4968],[-76.5003,3.4971],[-76.5,3.4972],[-76.4996,3.4974],[-76.4982,3.498],[-76.4981,3.498],[-76.498,3.4981],[-76.4975,3.4983],[-76.4974,3.4984],[-76.4973,3.4985],[-76.4972,3.4985],[-76.4973,3.4985],[-76.4973,3.4984],[-76.4973,3.4983],[-76.4973,3.4982],[-76.4973,3.4981],[-76.4974,3.498],[-76.4974,3.4979],[-76.4974,3.4978],[-76.4975,3.4977],[-76.4976,3.4976],[-76.4976,3.4975],[-76.4977,3.4975],[-76.4977,3.4974],[-76.4977,3.4973],[-76.4978,3.4972],[-76.4979,3.4972],[-76.4979,3.4971],[-76.498,3.497],[-76.4981,3.4968],[-76.4981,3.4967],[-76.4982,3.4965],[-76.4983,3.4963],[-76.4983,3.4961],[-76.4984,3.496],[-76.4985,3.4958],[-76.4985,3.4957],[-76.4986,3.4956],[-76.4987,3.4955],[-76.4988,3.4954],[-76.4988,3.4953],[-76.4989,3.4952],[-76.4989,3.4951],[-76.499,3.4951],[-76.499,3.495],[-76.4991,3.4949],[-76.4991,3.4948],[-76.4993,3.4946],[-76.4997,3.4939],[-76.4999,3.4935],[-76.5,3.4934],[-76.5001,3.4933],[-76.5002,3.4931],[-76.5003,3.4929],[-76.5004,3.4928],[-76.5005,3.4926],[-76.5006,3.4924],[-76.5007,3.4923],[-76.5008,3.4922],[-76.5008,3.4921]]]]}},{"type":"Feature","properties":{"code":"03","name":"Comuna 03"},"geometry":{"type":"MultiPolygon","coordinates":[[[[-76.5227,3.4622],[-76.5225,3.4622],[-76.5224,3.4622],[-76.5223,3.4622],[-76.5222,3.4622],[-76.5221,3.4622],[-76.5219,3.4622],[-76.5218,3.4622],[-76.5214,3.4623],[-76.5213,3.4623],[-76.5211,3.4617],[-76.521,3.4612],[-76.5208,3.4609],[-76.5207,3.4606],[-76.5206,3.4602],[-76.5205,3.4598],[-76.5202,3.4589],[-76.52,3.4583],[-76.5198,3.4573],[-76.5194,3.4562],[-76.5192,3.4552],[-76.5191,3.4546],[-76.519,3.4544],[-76.5187,3.4534],[-76.5186,3.453],[-76.5187,3.453],[-76.5198,3.4527],[-76.5208,3.4525],[-76.5216,3.4523],[-76.5221,3.4522],[-76.5225,3.452],[-76.5231,3.4518],[-76.5232,3.4518],[-76.5241,3.4515],[-76.5249,3.4512],[-76.526,3.4509],[-76.5265,3.4507],[-76.5275,3.4504],[-76.5283,3.4501],[-76.5282,3.45],[-76.5278,3.4488],[-76.5276,3.4481],[-76.5274,3.4477],[-76.5272,3.4471],[-76.5272,3.4469],[-76.527,3.4464],[-76.5269,3.446],[-76.5269,3.4459],[-76.5269,3.4456],[-76.5268,3.4456],[-76.5268,3.4455],[-76.5268,3.4454],[-76.5268,3.4453],[-76.5268,3.4452],[-76.5267,3.4452],[-76.5267,3.4451],[-76.5267,3.445],[-76.5267,3.4449],[-76.5267,3.4448],[-76.5266,3.4448],[-76.5266,3.4446],[-76.5265,3.4442],[-76.5262,3.4434],[-76.5261,3.4432],[-76.5261,3.4431],[-76.526,3.4431],[-76.526,3.443],[-76.526,3.4429],[-76.526,3.4428],[-76.526,3.4426],[-76.5261,3.4426],[-76.5271,3.4426],[-76.5278,3.4427],[-76.5286,3.4427],[-76.5288,3.4427],[-76.5296,3.4427],[-76.5297,3.4427],[-76.5308,3.4426],[-76.5309,3.4426],[-76.5312,3.4426],[-76.5314,3.4425],[-76.5317,3.4425],[-76.5319,3.4424],[-76.532,3.4424],[-76.5323,3.4423],[-76.5326,3.4422],[-76.533,3.4421],[-76.5331,3.442],[-76.5332,3.442],[-76.5333,3.442],[-76.5337,3.4418],[-76.5342,3.4415],[-76.5343,3.4415],[-76.5347,3.4413],[-76.535,3.4411],[-76.5354,3.4409],[-76.5361,3.4406],[-76.5367,3.4401],[-76.5372,3.4395],[-76.5375,3.4391],[-76.5378,3.4387],[-76.5379,3.4389],[-76.5391,3.4397],[-76.5391,3.4398],[-76.5397,3.4402],[-76.5398,3.4403],[-76.54,3.4404],[-76.5402,3.4405],[-76.5403,3.4406],[-76.5404,3.4406],[-76.5406,3.4407],[-76.5407,3.4407],[-76.5408,3.4408],[-76.5409,3.441],[-76.5409,3.4411],[-76.5409,3.4412],[-76.5409,3.4413],[-76.5409,3.4414],[-76.5409,3.4415],[-76.5409,3.4417],[-76.5409,3.4418],[-76.5423,3.4416],[-76.5425,3.4415],[-76.5428,3.4415],[-76.5429,3.4415],[-76.5433,3.4414],[-76.5434,3.4414],[-76.5434,3.4413],[-76.5435,3.4413],[-76.5436,3.4412],[-76.5437,3.441],[-76.5437,3.4409],[-76.5438,3.4408],[-76.5439,3.4409],[-76.544,3.441],[-76.5445,3.4412],[-76.5446,3.4412],[-76.5451,3.4414],[-76.5454,3.4415],[-76.5455,3.4415],[-76.5455,3.4416],[-76.5456,3.4417],[-76.5456,3.4418],[-76.5457,3.4418],[-76.5457,3.4419],[-76.5458,3.4419],[-76.5459,3.442],[-76.5464,3.4423],[-76.5465,3.4424],[-76.5467,3.4425],[-76.5468,3.4426],[-76.5469,3.4426],[-76.547,3.4426],[-76.5474,3.4427],[-76.5481,3.4429],[-76.5483,3.4429],[-76.5484,3.443],[-76.5484,3.4431],[-76.5484,3.4432],[-76.5485,3.4435],[-76.5486,3.4437],[-76.5486,3.4438],[-76.5487,3.4439],[-76.5489,3.4442],[-76.5489,3.4443],[-76.5489,3.4444],[-76.549,3.4444],[-76.549,3.4445],[-76.549,3.4446],[-76.549,3.4447],[-76.5489,3.4448],[-76.5489,3.4449],[-76.5489,3.445],[-76.5488,3.445],[-76.5488,3.4451],[-76.5487,3.4451],[-76.5486,3.4452],[-76.5486,3.4453],[-76.5485,3.4453],[-76.5484,3.4454],[-76.5483,3.4454],[-76.5482,3.4454],[-76.5481,3.4454],[-76.548,3.4454],[-76.5479,3.4454],[-76.5478,3.4455],[-76.5466,3.4456],[-76.5465,3.4456],[-76.5464,3.4457],[-76.5463,3.4457],[-76.5463,3.4458],[-76.5462,3.4458],[-76.5462,3.4459],[-76.5462,3.446],[-76.5462,3.4461],[-76.5462,3.4463],[-76.5462,3.4464],[-76.5461,3.4465],[-76.5461,3.4466],[-76.5461,3.4467],[-76.546,3.4468],[-76.5459,3.4469],[-76.5459,3.447],[-76.5459,3.4471],[-76.5459,3.4472],[-76.5459,3.4473],[-76.546,3.4473],[-76.546,3.4474],[-76.5461,3.4474],[-76.5461,3.4475],[-76.5462,3.4475],[-76.5463,3.4476],[-76.5465,3.4476],[-76.5466,3.4477],[-76.5466,3.4478],[-76.5466,3.4479],[-76.5466,3.448],[-76.5465,3.4481],[-76.5464,3.4481],[-76.5463,3.4481],[-76.5461,3.4481],[-76.5458,3.4481],[-76.5457,3.4481],[-76.5456,3.4482],[-76.5455,3.4482],[-76.5453,3.4482],[-76.5452,3.4482],[-76.5451,3.4483],[-76.545,3.4483],[-76.5449,3.4483],[-76.5448,3.4483],[-76.5447,3.4482],[-76.5446,3.4482],[-76.5445,3.4481],[-76.5444,3.4481],[-76.5442,3.4481],[-76.5441,3.4482],[-76.5437,3.4484],[-76.5434,3.4485],[-76.5433,3.4486],[-76.543,3.4487],[-76.5425,3.4489],[-76.5426,3.449],[-76.5427,3.449],[-76.543,3.4489],[-76.5433,3.4488],[-76.5436,3.4487],[-76.5437,3.4486],[-76.5438,3.4486],[-76.5439,3.4486],[-76.5439,3.4487],[-76.544,3.4488],[-76.544,3.449],[-76.5441,3.4491],[-76.5441,3.4492],[-76.5442,3.4492],[-76.5443,3.4493],[-76.5444,3.4494],[-76.5444,3.4495],[-76.5445,3.4495],[-76.5445,3.4496],[-76.5445,3.4497],[-76.5445,3.4502],[-76.5445,3.4503],[-76.5445,3.4512],[-76.5444,3.4512],[-76.5443,3.4512],[-76.5442,3.4512],[-76.5441,3.4512],[-76.544,3.4512],[-76.5439,3.4511],[-76.5438,3.4511],[-76.5437,3.4511],[-76.5436,3.4511],[-76.5435,3.4511],[-76.5434,3.4511],[-76.5432,3.4511],[-76.5431,3.4511],[-76.543,3.4511],[-76.5429,3.4511],[-76.5429,3.4512],[-76.5428,3.4512],[-76.5427,3.4513],[-76.5422,3.4515],[-76.5421,3.4515],[-76.542,3.4515],[-76.5419,3.4515],[-76.5418,3.4515],[-76.5418,3.4516],[-76.5417,3.4516],[-76.5415,3.4516],[-76.5414,3.4515],[-76.5413,3.4515],[-76.5412,3.4514],[-76.5411,3.4513],[-76.541,3.4513],[-76.5408,3.4512],[-76.5407,3.451],[-76.5405,3.4509],[-76.5401,3.4508],[-76.5399,3.4507],[-76.5397,3.4507],[-76.5395,3.4507],[-76.5394,3.4507],[-76.5393,3.4507],[-76.5392,3.4507],[-76.5391,3.4507],[-76.539,3.4507],[-76.5389,3.4507],[-76.5387,3.4507],[-76.5385,3.4508],[-76.5382,3.4509],[-76.5381,3.4509],[-76.538,3.451],[-76.5378,3.4511],[-76.5377,3.4511],[-76.5375,3.4512],[-76.5374,3.4513],[-76.5372,3.4514],[-76.5371,3.4515],[-76.537,3.4516],[-76.5369,3.4517],[-76.5368,3.4518],[-76.5367,3.4518],[-76.5365,3.4519],[-76.5364,3.4521],[-76.5363,3.4521],[-76.5362,3.4523],[-76.536,3.4524],[-76.5359,3.4526],[-76.5358,3.4526],[-76.5357,3.4527],[-76.5353,3.4529],[-76.5352,3.4529],[-76.5351,3.453],[-76.535,3.453],[-76.5348,3.4531],[-76.5345,3.4532],[-76.5341,3.4533],[-76.5338,3.4534],[-76.5336,3.4535],[-76.5334,3.4536],[-76.5333,3.4536],[-76.5332,3.4537],[-76.533,3.4537],[-76.5329,3.4538],[-76.5328,3.4538],[-76.5327,3.4539],[-76.5326,3.454],[-76.5325,3.454],[-76.5324,3.4541],[-76.5324,3.4542],[-76.5323,3.4542],[-76.5323,3.4544],[-76.5322,3.4546],[-76.5321,3.4548],[-76.5321,3.4549],[-76.5321,3.4551],[-76.532,3.4552],[-76.532,3.4555],[-76.532,3.4556],[-76.532,3.4558],[-76.5319,3.4558],[-76.5319,3.456],[-76.5319,3.4561],[-76.5319,3.4563],[-76.5319,3.4564],[-76.5318,3.4565],[-76.5317,3.4566],[-76.5316,3.4567],[-76.5315,3.4568],[-76.5314,3.4569],[-76.5313,3.457],[-76.5311,3.4571],[-76.5309,3.4572],[-76.5308,3.4573],[-76.5307,3.4574],[-76.5306,3.4574],[-76.5306,3.4575],[-76.5305,3.4576],[-76.5304,3.4576],[-76.5303,3.4577],[-76.5301,3.4578],[-76.5301,3.4579],[-76.53,3.4579],[-76.5299,3.4579],[-76.5298,3.4579],[-76.5297,3.4579],[-76.5296,3.4578],[-76.5294,3.4577],[-76.5293,3.4577],[-76.5292,3.4577],[-76.5291,3.4577],[-76.5289,3.4578],[-76.5286,3.4578],[-76.5284,3.4579],[-76.5283,3.4579],[-76.5281,3.458],[-76.5279,3.4581],[-76.5278,3.4582],[-76.5277,3.4582],[-76.5277,3.4583],[-76.5276,3.4584],[-76.5276,3.4585],[-76.5276,3.4586],[-76.5276,3.4587],[-76.5275,3.4587],[-76.5275,3.4588],[-76.5274,3.4589],[-76.5274,3.459],[-76.5273,3.4591],[-76.5273,3.4592],[-76.5272,3.4592],[-76.5271,3.4594],[-76.527,3.4595],[-76.527,3.4596],[-76.5269,3.4597],[-76.5268,3.4598],[-76.5267,3.4599],[-76.5264,3.4601],[-76.5262,3.4603],[-76.5258,3.4605],[-76.5256,3.4605],[-76.5255,3.4606],[-76.5254,3.4607],[-76.5253,3.4607],[-76.5253,3.4608],[-76.5252,3.4609],[-76.5251,3.4609],[-76.525,3.461],[-76.525,3.4611],[-76.5249,3.4612],[-76.5248,3.4612],[-76.5248,3.4613],[-76.5248,3.4614],[-76.5247,3.4614],[-76.5247,3.4615],[-76.5246,3.4616],[-76.5246,3.4617],[-76.5245,3.4618],[-76.5245,3.4619],[-76.5244,3.462],[-76.5243,3.4621],[-76.5243,3.4622],[-76.5242,3.4622],[-76.5242,3.4623],[-76.5241,3.4624],[-76.524,3.4624],[-76.5238,3.4624],[-76.5237,3.4624],[-76.5236,3.4624],[-76.5235,3.4623],[-76.5234,3.4623],[-76.5233,3.4623],[-76.5231,3.4623],[-76.5229,3.4622],[-76.5227,3.4622]]]]}},{"type":"Feature","properties":{"code":"04","name":"Comuna 04"},"geometry":{"type":"MultiPolygon","coordinates":[[[[-76.5179,3.4537],[-76.518,3.4537],[-76.5181,3.4537],[-76.5182,3.4537],[-76.5183,3.4537],[-76.5184,3.4538],[-76.5185,3.4538],[-76.5186,3.4539],[-76.5187,3.454],[-76.5188,3.4541],[-76.5188,3.4542],[-76.5189,3.4542],[-76.5189,3.4543],[-76.5189,3.4544],[-76.519,3.4545],[-76.5191,3.4546],[-76.5192,3.4552],[-76.5194,3.4562],[-76.5198,3.4573],[-76.52,3.4583],[-76.5202,3.4589],[-76.5205,3.4598],[-76.5206,3.4602],[-76.5207,3.4606],[-76.5208,3.4609],[-76.521,3.4612],[-76.5211,3.4617],[-76.5213,3.4623],[-76.5211,3.4623],[-76.5207,3.4625],[-76.5206,3.4625],[-76.5205,3.4626],[-76.5204,3.4627],[-76.5203,3.4628],[-76.5202,3.4629],[-76.5202,3.463],[-76.5201,3.4631],[-76.52,3.4632],[-76.5199,3.4634],[-76.5199,3.4635],[-76.5199,3.4636],[-76.5198,3.4637],[-76.5198,3.4638],[-76.5198,3.4639],[-76.5197,3.464],[-76.5197,3.4641],[-76.5196,3.4642],[-76.5196,3.4643],[-76.5195,3.4644],[-76.5194,3.4645],[-76.5193,3.4646],[-76.5192,3.4647],[-76.5191,3.4648],[-76.519,3.4649],[-76.519,3.465],[-76.5189,3.4652],[-76.5189,3.4653],[-76.5188,3.4655],[-76.5187,3.4657],[-76.5186,3.4658],[-76.5186,3.4659],[-76.5185,3.466],[-76.5185,3.4661],[-76.5184,3.4662],[-76.5184,3.4663],[-76.5183,3.4664],[-76.5183,3.4665],[-76.5182,3.4666],[-76.5181,3.4667],[-76.5181,3.4669],[-76.518,3.467],[-76.518,3.4671],[-76.518,3.4672],[-76.5179,3.4673],[-76.5178,3.4675],[-76.5177,3.4676],[-76.5177,3.4677],[-76.5176,3.4679],[-76.5176,3.468],[-76.5175,3.4681],[-76.5175,3.4682],[-76.5174,3.4684],[-76.5174,3.4685],[-76.5173,3.4686],[-76.5173,3.4687],[-76.5172,3.4688],[-76.5172,3.4689],[-76.5171,3.4691],[-76.5171,3.4692],[-76.517,3.4693],[-76.517,3.4694],[-76.5169,3.4695],[-76.5169,3.4696],[-76.5168,3.4697],[-76.5168,3.4698],[-76.5167,3.4698],[-76.5167,3.4699],[-76.5166,3.47],[-76.5166,3.4701],[-76.5165,3.4702],[-76.5164,3.4703],[-76.5164,3.4704],[-76.5163,3.4705],[-76.5162,3.4707],[-76.5161,3.4708],[-76.516,3.471],[-76.5159,3.4711],[-76.5158,3.4712],[-76.5157,3.4714],[-76.5156,3.4716],[-76.5154,3.4717],[-76.5153,3.4718],[-76.5152,3.472],[-76.5151,3.4721],[-76.515,3.4723],[-76.5149,3.4725],[-76.5148,3.4726],[-76.5147,3.4727],[-76.5146,3.4728],[-76.5146,3.4729],[-76.5145,3.4731],[-76.5144,3.4732],[-76.5142,3.4734],[-76.5141,3.4737],[-76.5139,3.474],[-76.5139,3.4741],[-76.5138,3.4742],[-76.5137,3.4743],[-76.5136,3.4744],[-76.5135,3.4745],[-76.5134,3.4746],[-76.5133,3.4747],[-76.5132,3.4748],[-76.5131,3.4749],[-76.513,3.475],[-76.513,3.4751],[-76.5129,3.4752],[-76.5128,3.4753],[-76.5128,3.4754],[-76.5127,3.4754],[-76.5127,3.4755],[-76.5126,3.4756],[-76.5126,3.4757],[-76.5125,3.4758],[-76.5124,3.4759],[-76.5124,3.476],[-76.5123,3.476],[-76.5123,3.4761],[-76.5122,3.4762],[-76.5122,3.4763],[-76.5121,3.4764],[-76.512,3.4765],[-76.512,3.4766],[-76.5119,3.4767],[-76.5118,3.4768],[-76.5117,3.4769],[-76.5116,3.477],[-76.5115,3.4771],[-76.5114,3.4772],[-76.5114,3.4773],[-76.5113,3.4774],[-76.5112,3.4775],[-76.5112,3.4776],[-76.5111,3.4777],[-76.511,3.4778],[-76.511,3.4779],[-76.5109,3.478],[-76.5109,3.4781],[-76.5108,3.4781],[-76.5108,3.4782],[-76.5107,3.4783],[-76.5107,3.4784],[-76.5106,3.4785],[-76.5105,3.4786],[-76.5104,3.4788],[-76.5104,3.4789],[-76.5103,3.479],[-76.5102,3.479],[-76.5102,3.4792],[-76.5101,3.4792],[-76.51,3.4793],[-76.51,3.4794],[-76.5099,3.4795],[-76.5098,3.4796],[-76.5098,3.4797],[-76.5097,3.4798],[-76.5097,3.4799],[-76.5096,3.48],[-76.5095,3.4802],[-76.5095,3.4803],[-76.5094,3.4804],[-76.5094,3.4805],[-76.5093,3.4805],[-76.5093,3.4806],[-76.5092,3.4807],[-76.5091,3.4808],[-76.5091,3.4809],[-76.5091,3.481],[-76.509,3.4811],[-76.5088,3.4813],[-76.5086,3.4814],[-76.5086,3.4815],[-76.5084,3.4816],[-76.5082,3.4818],[-76.508,3.4819],[-76.5079,3.482],[-76.5078,3.482],[-76.5077,3.482],[-76.5077,3.4821],[-76.5074,3.4822],[-76.5071,3.4823],[-76.507,3.4823],[-76.5068,3.4823],[-76.5067,3.4824],[-76.5064,3.4825],[-76.5063,3.4826],[-76.5061,3.4827],[-76.5059,3.4828],[-76.5058,3.4829],[-76.5056,3.483],[-76.5054,3.4831],[-76.5052,3.4832],[-76.5051,3.4832],[-76.5049,3.4833],[-76.5048,3.4833],[-76.5047,3.4833],[-76.5046,3.4834],[-76.5045,3.4834],[-76.5044,3.4835],[-76.5043,3.4835],[-76.5042,3.4836],[-76.5041,3.4837],[-76.5041,3.4838],[-76.504,3.4839],[-76.504,3.484],[-76.504,3.4841],[-76.504,3.4842],[-76.5039,3.4844],[-76.5039,3.4845],[-76.5039,3.4846],[-76.5039,3.4847],[-76.504,3.4848],[-76.5039,3.4848],[-76.504,3.4851],[-76.504,3.4853],[-76.504,3.4854],[-76.5039,3.4855],[-76.5039,3.4856],[-76.5039,3.4857],[-76.5039,3.486],[-76.5039,3.4863],[-76.5039,3.4865],[-76.5039,3.4866],[-76.5039,3.4867],[-76.5039,3.4869],[-76.5039,3.487],[-76.5039,3.4871],[-76.5039,3.4872],[-76.5039,3.4873],[-76.5039,3.4875],[-76.5038,3.4876],[-76.5038,3.4877],[-76.5037,3.4879],[-76.5036,3.4881],[-76.5036,3.4882],[-76.5034,3.4882],[-76.5034,3.4883],[-76.5033,3.4883],[-76.5032,3.4884],[-76.5029,3.4883],[-76.5028,3.4883],[-76.5027,3.4882],[-76.5024,3.4881],[-76.5019,3.4879],[-76.5014,3.4877],[-76.5009,3.4876],[-76.5007,3.4875],[-76.5004,3.4874],[-76.4997,3.4872],[-76.4996,3.4871],[-76.4989,3.4869],[-76.4987,3.4869],[-76.4985,3.4869],[-76.4982,3.4868],[-76.4978,3.4867],[-76.4964,3.4863],[-76.4954,3.486],[-76.4953,3.486],[-76.4955,3.4855],[-76.4962,3.4842],[-76.4963,3.4842],[-76.4964,3.4839],[-76.4968,3.4833],[-76.497,3.483],[-76.4972,3.4828],[-76.4977,3.4821],[-76.4979,3.4819],[-76.4983,3.4814],[-76.4986,3.4811],[-76.4987,3.481],[-76.4989,3.4808],[-76.499,3.4807],[-76.4991,3.4806],[-76.4992,3.4806],[-76.4994,3.4804],[-76.4995,3.4803],[-76.4997,3.4802],[-76.4998,3.4801],[-76.5001,3.4798],[-76.5004,3.4797],[-76.5007,3.4794],[-76.5008,3.4794],[-76.5014,3.479],[-76.5016,3.4787],[-76.5019,3.4785],[-76.5026,3.478],[-76.5028,3.4779],[-76.5028,3.4778],[-76.5029,3.4777],[-76.5031,3.4776],[-76.5033,3.4773],[-76.5035,3.4771],[-76.504,3.4765],[-76.5044,3.476],[-76.5041,3.4755],[-76.5039,3.4752],[-76.5039,3.4751],[-76.5038,3.4749],[-76.5037,3.4748],[-76.5037,3.4745],[-76.5036,3.4743],[-76.5036,3.4742],[-76.5035,3.474],[-76.5035,3.4739],[-76.5035,3.4737],[-76.5034,3.4735],[-76.5033,3.4733],[-76.5032,3.473],[-76.5031,3.4726],[-76.5031,3.4725],[-76.5029,3.4717],[-76.5029,3.4716],[-76.503,3.4716],[-76.5036,3.4714],[-76.5037,3.4714],[-76.5039,3.4713],[-76.505,3.471],[-76.5052,3.4709],[-76.5054,3.4708],[-76.5058,3.4707],[-76.5061,3.4706],[-76.5062,3.4706],[-76.506,3.4701],[-76.5059,3.47],[-76.5058,3.4696],[-76.5056,3.4694],[-76.5056,3.4693],[-76.5054,3.4689],[-76.5054,3.4688],[-76.5053,3.4685],[-76.5051,3.4682],[-76.5051,3.4681],[-76.505,3.4678],[-76.5049,3.4677],[-76.5048,3.4674],[-76.5047,3.4672],[-76.5046,3.4668],[-76.5045,3.4668],[-76.5044,3.4665],[-76.5044,3.4664],[-76.5043,3.4662],[-76.5043,3.4661],[-76.5042,3.4661],[-76.504,3.4656],[-76.504,3.4655],[-76.5037,3.4649],[-76.5037,3.4648],[-76.5036,3.4647],[-76.5034,3.4641],[-76.5033,3.464],[-76.503,3.4632],[-76.5028,3.4628],[-76.5028,3.4627],[-76.5026,3.4623],[-76.5025,3.4621],[-76.5023,3.4616],[-76.5022,3.4614],[-76.5022,3.4613],[-76.5017,3.4602],[-76.5016,3.4601],[-76.5018,3.46],[-76.5019,3.46],[-76.5021,3.4599],[-76.5024,3.4598],[-76.5026,3.4597],[-76.5032,3.4596],[-76.5034,3.4595],[-76.5036,3.4594],[-76.5037,3.4594],[-76.504,3.4593],[-76.5043,3.4592],[-76.5046,3.4591],[-76.5047,3.4591],[-76.5052,3.4589],[-76.5055,3.4588],[-76.5057,3.4588],[-76.5059,3.4587],[-76.5063,3.4586],[-76.5064,3.4585],[-76.5065,3.4585],[-76.5066,3.4585],[-76.5067,3.4584],[-76.5069,3.4584],[-76.5071,3.4583],[-76.5074,3.4582],[-76.5077,3.4581],[-76.5081,3.458],[-76.5086,3.4579],[-76.5089,3.4578],[-76.5093,3.4577],[-76.5095,3.4576],[-76.5101,3.4574],[-76.5102,3.4573],[-76.5103,3.4573],[-76.5106,3.4572],[-76.5107,3.4572],[-76.5109,3.4571],[-76.5114,3.457],[-76.5118,3.4568],[-76.5123,3.4567],[-76.5126,3.4566],[-76.5128,3.4565],[-76.5132,3.4564],[-76.5137,3.4562],[-76.5142,3.4561],[-76.5146,3.4559],[-76.5151,3.4558],[-76.5152,3.4558],[-76.5154,3.4557],[-76.5156,3.4557],[-76.5156,3.4556],[-76.5157,3.4556],[-76.5158,3.4556],[-76.5159,3.4556],[-76.5161,3.4555],[-76.5161,3.4554],[-76.5162,3.4554],[-76.5163,3.4554],[-76.5163,3.4553],[-76.5164,3.4553],[-76.5164,3.4552],[-76.5165,3.4552],[-76.5165,3.4551],[-76.5165,3.455],[-76.5166,3.455],[-76.5166,3.4549],[-76.5168,3.4546],[-76.5169,3.4543],[-76.517,3.4543],[-76.517,3.4542],[-76.517,3.4541],[-76.5171,3.4541],[-76.5171,3.454],[-76.5172,3.454],[-76.5172,3.4539],[-76.5173,3.4539],[-76.5173,3.4538],[-76.5174,3.4538],[-76.5175,3.4538],[-76.5175,3.4537],[-76.5176,3.4537],[-76.5177,3.4537],[-76.5178,3.4537],[-76.5179,3.4537]]]]}},{"type":"Feature","properties":{"code":"05","name":"Comuna 05"},"geometry":{"type":"MultiPolygon","coordinates":[[[[-76.5016,3.4601],[-76.5017,3.4602],[-76.5022,3.4613],[-76.5022,3.4614],[-76.5023,3.4616],[-76.5025,3.4621],[-76.5026,3.4623],[-76.5028,3.4627],[-76.5028,3.4628],[-76.503,3.4632],[-76.5033,3.464],[-76.5034,3.4641],[-76.5036,3.4647],[-76.5037,3.4648],[-76.5037,3.4649],[-76.504,3.4655],[-76.504,3.4656],[-76.5042,3.4661],[-76.5043,3.4661],[-76.5043,3.4662],[-76.5044,3.4664],[-76.5044,3.4665],[-76.5045,3.4668],[-76.5046,3.4668],[-76.5047,3.4672],[-76.5048,3.4674],[-76.5049,3.4677],[-76.505,3.4678],[-76.5051,3.4681],[-76.5051,3.4682],[-76.5053,3.4685],[-76.5054,3.4688],[-76.5054,3.4689],[-76.5056,3.4693],[-76.5056,3.4694],[-76.5058,3.4696],[-76.5059,3.47],[-76.506,3.4701],[-76.5062,3.4706],[-76.5061,3.4706],[-76.5058,3.4707],[-76.5054,3.4708],[-76.5052,3.4709],[-76.505,3.471],[-76.5039,3.4713],[-76.5037,3.4714],[-76.5036,3.4714],[-76.503,3.4716],[-76.5029,3.4716],[-76.5029,3.4717],[-76.5031,3.4725],[-76.5031,3.4726],[-76.5032,3.473],[-76.5033,3.4733],[-76.5034,3.4735],[-76.5035,3.4737],[-76.5035,3.4739],[-76.5035,3.474],[-76.5036,3.4742],[-76.5036,3.4743],[-76.5037,3.4745],[-76.5037,3.4748],[-76.5038,3.4749],[-76.5039,3.4751],[-76.5039,3.4752],[-76.5041,3.4755],[-76.5044,3.476],[-76.504,3.4765],[-76.5035,3.4771],[-76.5033,3.4773],[-76.5031,3.4776],[-76.5029,3.4777],[-76.5028,3.4778],[-76.5028,3.4779],[-76.5026,3.478],[-76.5019,3.4785],[-76.5016,3.4787],[-76.5014,3.479],[-76.5008,3.4794],[-76.5007,3.4794],[-76.5004,3.4797],[-76.5001,3.4798],[-76.4998,3.4801],[-76.4997,3.4802],[-76.4995,3.4803],[-76.4994,3.4804],[-76.4992,3.4806],[-76.4991,3.4806],[-76.499,3.4807],[-76.4989,3.4808],[-76.4987,3.481],[-76.4986,3.4811],[-76.4983,3.4814],[-76.4979,3.4819],[-76.4977,3.4821],[-76.4972,3.4828],[-76.497,3.483],[-76.4968,3.4833],[-76.4964,3.4839],[-76.4963,3.4842],[-76.4962,3.4842],[-76.4955,3.4855],[-76.4953,3.486],[-76.495,3.4859],[-76.4948,3.4858],[-76.4945,3.4857],[-76.4943,3.4856],[-76.494,3.4855],[-76.4929,3.4852],[-76.4926,3.4852],[-76.4925,3.4851],[-76.4924,3.4851],[-76.4922,3.485],[-76.4921,3.485],[-76.4919,3.4849],[-76.4918,3.4849],[-76.4917,3.4848],[-76.4915,3.4847],[-76.4914,3.4847],[-76.4913,3.4846],[-76.491,3.4844],[-76.4909,3.4843],[-76.4907,3.4842],[-76.4906,3.4841],[-76.4905,3.484],[-76.4904,3.4838],[-76.4903,3.4837],[-76.4903,3.4836],[-76.4902,3.4835],[-76.4901,3.4833],[-76.4899,3.483],[-76.4899,3.4829],[-76.4896,3.4821],[-76.4894,3.4816],[-76.4893,3.481],[-76.4891,3.4806],[-76.4891,3.4805],[-76.489,3.4802],[-76.4889,3.4797],[-76.4887,3.4793],[-76.4886,3.479],[-76.4885,3.4786],[-76.4884,3.4781],[-76.4883,3.478],[-76.4883,3.4778],[-76.4882,3.4777],[-76.4881,3.4772],[-76.4879,3.4766],[-76.4878,3.4764],[-76.4878,3.4762],[-76.4872,3.4744],[-76.4869,3.4734],[-76.4867,3.4729],[-76.4865,3.4722],[-76.4861,3.471],[-76.4859,3.4705],[-76.4859,3.4704],[-76.4857,3.4698],[-76.4851,3.4676],[-76.485,3.4673],[-76.4844,3.4655],[-76.4846,3.4655],[-76.4852,3.4653],[-76.4859,3.465],[-76.4873,3.4646],[-76.4887,3.4642],[-76.4887,3.4641],[-76.4896,3.4639],[-76.4901,3.4637],[-76.4904,3.4636],[-76.4909,3.4635],[-76.4916,3.4632],[-76.4922,3.4631],[-76.4924,3.463],[-76.4925,3.463],[-76.4929,3.4628],[-76.4933,3.4627],[-76.4938,3.4625],[-76.494,3.4625],[-76.4942,3.4624],[-76.4944,3.4624],[-76.4946,3.4623],[-76.4948,3.4622],[-76.4949,3.4622],[-76.495,3.4622],[-76.4954,3.462],[-76.4957,3.4619],[-76.4961,3.4618],[-76.4963,3.4618],[-76.4964,3.4617],[-76.4968,3.4616],[-76.4971,3.4615],[-76.4975,3.4614],[-76.4978,3.4613],[-76.4979,3.4612],[-76.498,3.4612],[-76.4981,3.4612],[-76.4984,3.4611],[-76.4985,3.461],[-76.4986,3.461],[-76.4989,3.4609],[-76.4991,3.4608],[-76.4994,3.4608],[-76.4995,3.4607],[-76.4997,3.4607],[-76.4999,3.4606],[-76.5001,3.4605],[-76.5003,3.4605],[-76.5004,3.4604],[-76.5005,3.4604],[-76.5009,3.4603],[-76.5011,3.4602],[-76.5015,3.4601],[-76.5016,3.4601]]]]}},{"type":"Feature","properties":{"code":"06","name":"Comuna 06"},"geometry":{"type":"MultiPolygon","coordinates":[[[[-76.4914,3.5056],[-76.4915,3.5049],[-76.4915,3.5036],[-76.4915,3.5028],[-76.4915,3.5025],[-76.4915,3.502],[-76.4915,3.5016],[-76.4915,3.5012],[-76.4915,3.5011],[-76.4915,3.501],[-76.4915,3.5009],[-76.4914,3.5009],[-76.4914,3.5008],[-76.4914,3.5007],[-76.4914,3.5006],[-76.4913,3.5005],[-76.4913,3.5004],[-76.4912,3.5003],[-76.4912,3.5002],[-76.4911,3.5002],[-76.4911,3.5001],[-76.491,3.5001],[-76.491,3.5],[-76.4905,3.4998],[-76.4899,3.4993],[-76.4876,3.4983],[-76.4861,3.4977],[-76.4861,3.4976],[-76.486,3.4976],[-76.4859,3.4976],[-76.4859,3.4975],[-76.4858,3.4975],[-76.4858,3.4974],[-76.4857,3.4974],[-76.4856,3.4974],[-76.4856,3.4973],[-76.4855,3.4973],[-76.4855,3.4972],[-76.4854,3.4972],[-76.4853,3.4971],[-76.4852,3.4971],[-76.4852,3.497],[-76.4851,3.497],[-76.4851,3.4969],[-76.485,3.4969],[-76.485,3.4968],[-76.4849,3.4968],[-76.4849,3.4967],[-76.4848,3.4967],[-76.4848,3.4966],[-76.4847,3.4966],[-76.4847,3.4965],[-76.4847,3.4964],[-76.4846,3.4964],[-76.4846,3.4963],[-76.4845,3.4963],[-76.4845,3.4962],[-76.4844,3.4961],[-76.4844,3.496],[-76.4843,3.496],[-76.4843,3.4959],[-76.4843,3.4958],[-76.4842,3.4958],[-76.4842,3.4957],[-76.4841,3.4957],[-76.4841,3.4956],[-76.4841,3.4955],[-76.484,3.4955],[-76.484,3.4954],[-76.484,3.4953],[-76.4839,3.4953],[-76.4839,3.4952],[-76.4838,3.4951],[-76.4838,3.495],[-76.4838,3.4949],[-76.4837,3.4949],[-76.4837,3.4948],[-76.4837,3.4947],[-76.4836,3.4947],[-76.4836,3.4946],[-76.4836,3.4945],[-76.4835,3.4945],[-76.4835,3.4944],[-76.4835,3.4943],[-76.4835,3.4942],[-76.4834,3.4942],[-76.4834,3.4941],[-76.4834,3.494],[-76.4834,3.4939],[-76.4834,3.4938],[-76.4833,3.4938],[-76.4833,3.4937],[-76.4833,3.4936],[-76.4833,3.4935],[-76.4833,3.4934],[-76.4832,3.4934],[-76.4832,3.4933],[-76.4832,3.4932],[-76.4832,3.4931],[-76.4832,3.493],[-76.4832,3.4929],[-76.4832,3.4928],[-76.4832,3.4927],[-76.4832,3.4926],[-76.4832,3.4925],[-76.4831,3.4924],[-76.4831,3.4923],[-76.4831,3.4922],[-76.4831,3.4921],[-76.4831,3.492],[-76.4831,3.4919],[-76.4831,3.4918],[-76.4831,3.4917],[-76.4831,3.4916],[-76.4831,3.4914],[-76.4831,3.4912],[-76.4831,3.4911],[-76.483,3.491],[-76.483,3.4909],[-76.483,3.4908],[-76.483,3.4907],[-76.483,3.4906],[-76.483,3.4905],[-76.483,3.4904],[-76.483,3.4903],[-76.4829,3.4902],[-76.4829,3.4901],[-76.4829,3.49],[-76.4829,3.4899],[-76.4829,3.4898],[-76.4829,3.4897],[-76.4829,3.4896],[-76.4828,3.4895],[-76.4828,3.4894],[-76.4828,3.4893],[-76.4828,3.4892],[-76.4827,3.4892],[-76.4827,3.4891],[-76.4827,3.489],[-76.4826,3.4889],[-76.4826,3.4888],[-76.4825,3.4888],[-76.4825,3.4887],[-76.4824,3.4886],[-76.4823,3.4885],[-76.4823,3.4883],[-76.4821,3.4881],[-76.4821,3.488],[-76.482,3.4879],[-76.4819,3.4878],[-76.4819,3.4877],[-76.4818,3.4875],[-76.4818,3.4874],[-76.4817,3.4871],[-76.4816,3.4869],[-76.4815,3.4859],[-76.4815,3.4857],[-76.4815,3.485],[-76.4814,3.4843],[-76.4813,3.4837],[-76.4813,3.4836],[-76.4811,3.4831],[-76.4808,3.4827],[-76.4805,3.4823],[-76.4801,3.4821],[-76.4796,3.4819],[-76.4795,3.4818],[-76.4794,3.4818],[-76.4793,3.4818],[-76.4793,3.4817],[-76.4792,3.4817],[-76.4792,3.4816],[-76.4791,3.4816],[-76.4791,3.4815],[-76.479,3.4815],[-76.479,3.4814],[-76.4789,3.4814],[-76.4789,3.4813],[-76.4788,3.4813],[-76.4788,3.4812],[-76.4788,3.4811],[-76.4788,3.481],[-76.4787,3.481],[-76.4787,3.4809],[-76.4787,3.4808],[-76.4787,3.4807],[-76.4785,3.4797],[-76.4785,3.4794],[-76.4785,3.4785],[-76.4785,3.4784],[-76.4785,3.4783],[-76.4785,3.4782],[-76.4784,3.4782],[-76.4784,3.4781],[-76.4784,3.478],[-76.4784,3.4779],[-76.4784,3.4778],[-76.4783,3.4778],[-76.4783,3.4777],[-76.4783,3.4776],[-76.4783,3.4775],[-76.4782,3.4775],[-76.4782,3.4774],[-76.4782,3.4773],[-76.4781,3.4773],[-76.4781,3.4772],[-76.478,3.4771],[-76.478,3.477],[-76.4779,3.477],[-76.4779,3.4769],[-76.4778,3.4769],[-76.4777,3.4767],[-76.4776,3.4766],[-76.4772,3.4762],[-76.477,3.4759],[-76.4763,3.4753],[-76.4763,3.4752],[-76.4762,3.4752],[-76.4762,3.4751],[-76.4761,3.4751],[-76.4761,3.475],[-76.476,3.475],[-76.476,3.4749],[-76.4759,3.4748],[-76.4759,3.4747],[-76.4758,3.4747],[-76.4758,3.4746],[-76.4758,3.4745],[-76.4757,3.4745],[-76.4757,3.4744],[-76.4757,3.4743],[-76.4757,3.4742],[-76.4756,3.4742],[-76.4756,3.4741],[-76.4756,3.474],[-76.4756,3.4739],[-76.4756,3.4738],[-76.4756,3.4737],[-76.4755,3.4736],[-76.4755,3.4735],[-76.4756,3.4735],[-76.4756,3.4733],[-76.4756,3.4726],[-76.4756,3.4713],[-76.4756,3.4712],[-76.4756,3.4711],[-76.4756,3.4708],[-76.4756,3.4706],[-76.4756,3.4705],[-76.4756,3.4704],[-76.4756,3.4703],[-76.4756,3.4702],[-76.4755,3.4702],[-76.4755,3.4701],[-76.4755,3.47],[-76.4755,3.4699],[-76.4755,3.4698],[-76.4754,3.4698],[-76.4754,3.4697],[-76.4754,3.4696],[-76.4754,3.4695],[-76.4753,3.4695],[-76.4753,3.4694],[-76.4753,3.4693],[-76.4752,3.4693],[-76.4752,3.4692],[-76.4749,3.4686],[-76.4759,3.4683],[-76.4796,3.4671],[-76.4797,3.4671],[-76.4798,3.467],[-76.4802,3.4669],[-76.4805,3.4668],[-76.481,3.4667],[-76.4817,3.4664],[-76.4821,3.4663],[-76.4832,3.4659],[-76.4836,3.4658],[-76.4844,3.4655],[-76.485,3.4673],[-76.4851,3.4676],[-76.4857,3.4698],[-76.4859,3.4704],[-76.4859,3.4705],[-76.4861,3.471],[-76.4865,3.4722],[-76.4867,3.4729],[-76.4869,3.4734],[-76.4872,3.4744],[-76.4878,3.4762],[-76.4878,3.4764],[-76.4879,3.4766],[-76.4881,3.4772],[-76.4882,3.4777],[-76.4883,3.4778],[-76.4883,3.478],[-76.4884,3.4781],[-76.4885,3.4786],[-76.4886,3.479],[-76.4887,3.4793],[-76.4889,3.4797],[-76.489,3.4802],[-76.4891,3.4805],[-76.4891,3.4806],[-76.4893,3.481],[-76.4894,3.4816],[-76.4896,3.4821],[-76.4899,3.4829],[-76.4899,3.483],[-76.4901,3.4833],[-76.4902,3.4835],[-76.4903,3.4836],[-76.4903,3.4837],[-76.4904,3.4838],[-76.4905,3.484],[-76.4906,3.4841],[-76.4907,3.4842],[-76.4909,3.4843],[-76.491,3.4844],[-76.4913,3.4846],[-76.4914,3.4847],[-76.4915,3.4847],[-76.4917,3.4848],[-76.4918,3.4849],[-76.4919,3.4849],[-76.4921,3.485],[-76.4922,3.485],[-76.4924,3.4851],[-76.4925,3.4851],[-76.4926,3.4852],[-76.4929,3.4852],[-76.494,3.4855],[-76.4943,3.4856],[-76.4945,3.4857],[-76.4948,3.4858],[-76.495,3.4859],[-76.4953,3.486],[-76.4954,3.486],[-76.4964,3.4863],[-76.4978,3.4867],[-76.4982,3.4868],[-76.4985,3.4869],[-76.4987,3.4869],[-76.4989,3.4869],[-76.4996,3.4871],[-76.4997,3.4872],[-76.5004,3.4874],[-76.5007,3.4875],[-76.5009,3.4876],[-76.5014,3.4877],[-76.5019,3.4879],[-76.5024,3.4881],[-76.5027,3.4882],[-76.5028,3.4883],[-76.5029,3.4883],[-76.5032,3.4884],[-76.5031,3.4885],[-76.503,3.4886],[-76.5029,3.4888],[-76.5028,3.4891],[-76.5027,3.4893],[-76.5026,3.4896],[-76.5025,3.4898],[-76.5024,3.4901],[-76.5024,3.4902],[-76.5023,3.4903],[-76.5022,3.4904],[-76.502,3.4906],[-76.5018,3.4908],[-76.5017,3.4909],[-76.5016,3.4909],[-76.5016,3.491],[-76.5014,3.4912],[-76.5012,3.4915],[-76.5011,3.4917],[-76.5009,3.492],[-76.5008,3.4921],[-76.5008,3.4922],[-76.5007,3.4923],[-76.5006,3.4924],[-76.5005,3.4926],[-76.5004,3.4928],[-76.5003,3.4929],[-76.5002,3.4931],[-76.5001,3.4933],[-76.5,3.4934],[-76.4999,3.4935],[-76.4997,3.4939],[-76.4993,3.4946],[-76.4991,3.4948],[-76.4991,3.4949],[-76.499,3.495],[-76.499,3.4951],[-76.4989,3.4951],[-76.4989,3.4952],[-76.4988,3.4953],[-76.4988,3.4954],[-76.4987,3.4955],[-76.4986,3.4956],[-76.4985,3.4957],[-76.4985,3.4958],[-76.4984,3.496],[-76.4983,3.4961],[-76.4983,3.4963],[-76.4982,3.4965],[-76.4981,3.4967],[-76.4981,3.4968],[-76.498,3.497],[-76.4979,3.4971],[-76.4979,3.4972],[-76.4978,3.4972],[-76.4977,3.4973],[-76.4977,3.4974],[-76.4977,3.4975],[-76.4976,3.4975],[-76.4976,3.4976],[-76.4975,3.4977],[-76.4974,3.4978],[-76.4974,3.4979],[-76.4974,3.498],[-76.4973,3.4981],[-76.4973,3.4982],[-76.4973,3.4983],[-76.4973,3.4984],[-76.4973,3.4985],[-76.4972,3.4985],[-76.4972,3.4987],[-76.4972,3.4989],[-76.4972,3.499],[-76.4973,3.4992],[-76.4973,3.4995],[-76.4973,3.4996],[-76.4973,3.4997],[-76.4973,3.4998],[-76.4973,3.4999],[-76.4973,3.5],[-76.4972,3.5001],[-76.4971,3.5003],[-76.4971,3.5004],[-76.4971,3.5005],[-76.497,3.5006],[-76.4968,3.5006],[-76.4966,3.5006],[-76.4964,3.5007],[-76.4963,3.5007],[-76.4963,3.5009],[-76.4963,3.501],[-76.4964,3.5011],[-76.4964,3.5012],[-76.4966,3.5014],[-76.4967,3.5014],[-76.4967,3.5015],[-76.4968,3.5016],[-76.4968,3.5017],[-76.4968,3.5018],[-76.4968,3.5019],[-76.4968,3.502],[-76.4967,3.502],[-76.4965,3.502],[-76.4963,3.502],[-76.4961,3.5019],[-76.496,3.5019],[-76.496,3.5018],[-76.4959,3.5018],[-76.4958,3.5018],[-76.4957,3.5018],[-76.4955,3.5019],[-76.4954,3.5019],[-76.4953,3.502],[-76.4952,3.5021],[-76.495,3.5022],[-76.4949,3.5023],[-76.4949,3.5025],[-76.4949,3.5026],[-76.495,3.5026],[-76.4953,3.5025],[-76.4955,3.5025],[-76.4956,3.5026],[-76.4956,3.5028],[-76.4953,3.5031],[-76.4952,3.5033],[-76.495,3.5035],[-76.495,3.5036],[-76.4949,3.5037],[-76.4949,3.5038],[-76.4948,3.5039],[-76.4947,3.504],[-76.4946,3.5041],[-76.4945,3.5041],[-76.4945,3.504],[-76.4945,3.5039],[-76.4945,3.5037],[-76.4945,3.5035],[-76.4945,3.5034],[-76.4944,3.5034],[-76.4943,3.5034],[-76.4942,3.5034],[-76.4942,3.5035],[-76.4941,3.5035],[-76.4941,3.5036],[-76.494,3.5037],[-76.494,3.5038],[-76.494,3.504],[-76.494,3.5043],[-76.4942,3.5047],[-76.4943,3.5049],[-76.4944,3.505],[-76.4944,3.5052],[-76.4944,3.5053],[-76.4944,3.5054],[-76.4943,3.5055],[-76.4941,3.5056],[-76.4939,3.5055],[-76.4938,3.5055],[-76.4937,3.5055],[-76.4936,3.5055],[-76.4932,3.5055],[-76.4929,3.5056],[-76.4928,3.5056],[-76.4926,3.5056],[-76.4926,3.5057],[-76.4923,3.5057],[-76.4918,3.5059],[-76.4914,3.5056]]]]}},{"type":"Feature","properties":{"code":"07","name":"Comuna 07"},"geometry":{"type":"MultiPolygon","coordinates":[[[[-76.4768,3.4493],[-76.4769,3.4492],[-76.4769,3.4491],[-76.477,3.4491],[-76.4771,3.4489],[-76.4771,3.4488],[-76.4772,3.4487],[-76.4773,3.4486],[-76.4774,3.4486],[-76.4777,3.4484],[-76.4778,3.4483],[-76.4779,3.4482],[-76.4782,3.4481],[-76.4784,3.448],[-76.4785,3.448],[-76.4786,3.4479],[-76.4789,3.4478],[-76.4791,3.4478],[-76.4791,3.4477],[-76.4793,3.4477],[-76.4794,3.4476],[-76.4801,3.4472],[-76.4802,3.4472],[-76.4802,3.4471],[-76.4803,3.447],[-76.4803,3.4469],[-76.4804,3.4468],[-76.4804,3.4467],[-76.4805,3.4467],[-76.4805,3.4466],[-76.4808,3.4462],[-76.4809,3.4462],[-76.4809,3.4461],[-76.481,3.446],[-76.4811,3.4456],[-76.4812,3.4455],[-76.4813,3.4452],[-76.4813,3.445],[-76.4814,3.4449],[-76.4814,3.4448],[-76.4815,3.4448],[-76.4816,3.4447],[-76.4817,3.4447],[-76.4821,3.4446],[-76.4823,3.4446],[-76.4825,3.4446],[-76.4826,3.4446],[-76.4835,3.4445],[-76.4838,3.4445],[-76.4839,3.4445],[-76.4841,3.4445],[-76.4841,3.4444],[-76.4841,3.4443],[-76.4841,3.4442],[-76.4842,3.4442],[-76.4843,3.4442],[-76.4844,3.4442],[-76.4844,3.4441],[-76.4845,3.4441],[-76.4846,3.4441],[-76.4847,3.4441],[-76.4848,3.444],[-76.4849,3.444],[-76.485,3.4439],[-76.4851,3.4439],[-76.4853,3.4439],[-76.4853,3.4438],[-76.4854,3.4438],[-76.4856,3.4437],[-76.4857,3.4437],[-76.4859,3.4436],[-76.486,3.4436],[-76.4862,3.4435],[-76.4865,3.4434],[-76.4866,3.4434],[-76.4869,3.4433],[-76.4871,3.4434],[-76.4874,3.4435],[-76.4875,3.4436],[-76.4876,3.4436],[-76.4878,3.4437],[-76.4879,3.4438],[-76.4881,3.4438],[-76.4883,3.4439],[-76.4885,3.444],[-76.4886,3.4441],[-76.4888,3.4441],[-76.489,3.4442],[-76.4892,3.4443],[-76.4894,3.4444],[-76.4895,3.4444],[-76.4897,3.4444],[-76.4899,3.4443],[-76.4901,3.4442],[-76.4903,3.4441],[-76.4905,3.4441],[-76.4908,3.4439],[-76.4909,3.4439],[-76.4904,3.4449],[-76.4904,3.445],[-76.4901,3.4455],[-76.4899,3.4459],[-76.4898,3.4462],[-76.4897,3.4464],[-76.4896,3.4466],[-76.4894,3.4469],[-76.4894,3.447],[-76.4893,3.4471],[-76.4889,3.4477],[-76.4887,3.448],[-76.4877,3.4498],[-76.4876,3.4499],[-76.4873,3.4505],[-76.4872,3.4506],[-76.4868,3.4515],[-76.4867,3.4515],[-76.4864,3.4523],[-76.4867,3.4523],[-76.487,3.4523],[-76.4875,3.4523],[-76.4879,3.4524],[-76.4882,3.4524],[-76.4886,3.4525],[-76.4894,3.4526],[-76.4898,3.4526],[-76.49,3.4527],[-76.4901,3.4527],[-76.4908,3.4528],[-76.491,3.4528],[-76.4911,3.4528],[-76.4912,3.4528],[-76.4914,3.4528],[-76.4915,3.4528],[-76.4917,3.4528],[-76.4919,3.4528],[-76.4922,3.4528],[-76.4927,3.4527],[-76.4928,3.4527],[-76.493,3.4527],[-76.4934,3.4527],[-76.4938,3.4527],[-76.4943,3.4526],[-76.4946,3.4526],[-76.4949,3.4526],[-76.4951,3.4526],[-76.4955,3.4526],[-76.4956,3.4526],[-76.4957,3.4526],[-76.4958,3.4526],[-76.4959,3.4526],[-76.496,3.4526],[-76.4961,3.4526],[-76.4962,3.4526],[-76.4964,3.4526],[-76.4965,3.4526],[-76.4966,3.4526],[-76.4967,3.4526],[-76.4968,3.4526],[-76.4972,3.4526],[-76.4974,3.4527],[-76.4976,3.4527],[-76.4977,3.4527],[-76.4981,3.4527],[-76.4984,3.4527],[-76.4985,3.4527],[-76.4986,3.4528],[-76.499,3.4528],[-76.4992,3.4528],[-76.4994,3.4528],[-76.4996,3.4528],[-76.4998,3.4528],[-76.5005,3.4528],[-76.5009,3.4528],[-76.5015,3.4528],[-76.5015,3.4529],[-76.5017,3.4529],[-76.5019,3.4529],[-76.5036,3.4532],[-76.504,3.4533],[-76.5043,3.4533],[-76.5045,3.4533],[-76.5047,3.4533],[-76.5052,3.4533],[-76.5053,3.4534],[-76.5055,3.4534],[-76.5065,3.4535],[-76.5089,3.4539],[-76.5095,3.454],[-76.5095,3.4541],[-76.5096,3.4544],[-76.5096,3.4546],[-76.5097,3.4548],[-76.5097,3.4549],[-76.5097,3.455],[-76.5097,3.4551],[-76.5098,3.4553],[-76.5098,3.4554],[-76.5099,3.4557],[-76.5099,3.4559],[-76.51,3.456],[-76.51,3.4561],[-76.5103,3.4572],[-76.5103,3.4573],[-76.5102,3.4573],[-76.5101,3.4574],[-76.5095,3.4576],[-76.5093,3.4577],[-76.5089,3.4578],[-76.5086,3.4579],[-76.5081,3.458],[-76.5077,3.4581],[-76.5074,3.4582],[-76.5071,3.4583],[-76.5069,3.4584],[-76.5067,3.4584],[-76.5066,3.4585],[-76.5065,3.4585],[-76.5064,3.4585],[-76.5063,3.4586],[-76.5059,3.4587],[-76.5057,3.4588],[-76.5055,3.4588],[-76.5052,3.4589],[-76.5047,3.4591],[-76.5046,3.4591],[-76.5043,3.4592],[-76.504,3.4593],[-76.5037,3.4594],[-76.5036,3.4594],[-76.5034,3.4595],[-76.5032,3.4596],[-76.5026,3.4597],[-76.5024,3.4598],[-76.5021,3.4599],[-76.5019,3.46],[-76.5018,3.46],[-76.5016,3.4601],[-76.5015,3.4601],[-76.5011,3.4602],[-76.5009,3.4603],[-76.5005,3.4604],[-76.5004,3.4604],[-76.5003,3.4605],[-76.5001,3.4605],[-76.4999,3.4606],[-76.4997,3.4607],[-76.4995,3.4607],[-76.4994,3.4608],[-76.4991,3.4608],[-76.4989,3.4609],[-76.4986,3.461],[-76.4985,3.461],[-76.4984,3.4611],[-76.4981,3.4612],[-76.498,3.4612],[-76.4979,3.4612],[-76.4978,3.4613],[-76.4975,3.4614],[-76.4971,3.4615],[-76.4968,3.4616],[-76.4964,3.4617],[-76.4963,3.4618],[-76.4961,3.4618],[-76.4957,3.4619],[-76.4954,3.462],[-76.495,3.4622],[-76.4949,3.4622],[-76.4948,3.4622],[-76.4946,3.4623],[-76.4944,3.4624],[-76.4942,3.4624],[-76.494,3.4625],[-76.4938,3.4625],[-76.4933,3.4627],[-76.4929,3.4628],[-76.4925,3.463],[-76.4924,3.463],[-76.4922,3.4631],[-76.4916,3.4632],[-76.4909,3.4635],[-76.4904,3.4636],[-76.4901,3.4637],[-76.4896,3.4639],[-76.4887,3.4641],[-76.4887,3.4642],[-76.4873,3.4646],[-76.4859,3.465],[-76.4852,3.4653],[-76.4846,3.4655],[-76.4844,3.4655],[-76.4836,3.4658],[-76.4832,3.4659],[-76.4821,3.4663],[-76.4817,3.4664],[-76.481,3.4667],[-76.4805,3.4668],[-76.4802,3.4669],[-76.4798,3.467],[-76.4797,3.4671],[-76.4796,3.4671],[-76.4759,3.4683],[-76.4749,3.4686],[-76.4748,3.4685],[-76.4746,3.4681],[-76.4745,3.4679],[-76.4744,3.4678],[-76.4744,3.4676],[-76.4743,3.4675],[-76.4743,3.4674],[-76.4742,3.4673],[-76.4741,3.4671],[-76.474,3.4669],[-76.474,3.4668],[-76.4739,3.4666],[-76.4739,3.4665],[-76.4739,3.4664],[-76.4739,3.4663],[-76.4739,3.4662],[-76.474,3.4661],[-76.474,3.466],[-76.4741,3.4659],[-76.4742,3.4657],[-76.4744,3.4655],[-76.4744,3.4654],[-76.4744,3.4653],[-76.4745,3.4652],[-76.4745,3.4651],[-76.4746,3.465],[-76.4746,3.4649],[-76.4747,3.4649],[-76.4747,3.4648],[-76.4747,3.4647],[-76.4748,3.4647],[-76.4748,3.4646],[-76.4748,3.4645],[-76.4749,3.4645],[-76.4749,3.4644],[-76.475,3.4644],[-76.475,3.4643],[-76.475,3.4642],[-76.4751,3.4642],[-76.4751,3.4641],[-76.4752,3.4641],[-76.4752,3.464],[-76.4753,3.464],[-76.4753,3.4639],[-76.4754,3.4639],[-76.4754,3.4638],[-76.4755,3.4638],[-76.4755,3.4637],[-76.4756,3.4636],[-76.476,3.4633],[-76.476,3.4632],[-76.4762,3.463],[-76.4764,3.4629],[-76.4766,3.4626],[-76.4768,3.4623],[-76.4769,3.4622],[-76.477,3.462],[-76.477,3.4619],[-76.4771,3.4619],[-76.4771,3.4618],[-76.4771,3.4617],[-76.4772,3.4617],[-76.4772,3.4616],[-76.4772,3.4615],[-76.4772,3.4614],[-76.4772,3.4613],[-76.4773,3.4612],[-76.4773,3.4611],[-76.4773,3.4609],[-76.4773,3.4608],[-76.4772,3.4608],[-76.4772,3.4607],[-76.4772,3.4606],[-76.4772,3.4605],[-76.4772,3.4604],[-76.4771,3.4603],[-76.4771,3.4602],[-76.4769,3.4598],[-76.4769,3.4597],[-76.4768,3.4596],[-76.4768,3.4595],[-76.4768,3.4594],[-76.4767,3.4594],[-76.4767,3.4593],[-76.4767,3.4592],[-76.4767,3.4591],[-76.4766,3.4591],[-76.4766,3.459],[-76.4766,3.4589],[-76.4766,3.4588],[-76.4765,3.4588],[-76.4765,3.4587],[-76.4765,3.4586],[-76.4765,3.4585],[-76.4765,3.4584],[-76.4764,3.4584],[-76.4764,3.4583],[-76.4764,3.4576],[-76.4764,3.4575],[-76.4764,3.4573],[-76.4764,3.4571],[-76.4764,3.4565],[-76.4764,3.4563],[-76.4763,3.4558],[-76.4762,3.4556],[-76.4762,3.4554],[-76.4762,3.4553],[-76.4762,3.4552],[-76.4759,3.4546],[-76.4758,3.4543],[-76.4757,3.4541],[-76.4756,3.4535],[-76.4756,3.4533],[-76.4756,3.4532],[-76.4757,3.4521],[-76.4758,3.4513],[-76.4758,3.4512],[-76.4759,3.4512],[-76.4759,3.4511],[-76.4759,3.451],[-76.4759,3.4509],[-76.4759,3.4508],[-76.4759,3.4507],[-76.4759,3.4506],[-76.4759,3.4505],[-76.4759,3.4504],[-76.4759,3.4503],[-76.4758,3.4503],[-76.4758,3.4502],[-76.4758,3.4501],[-76.4757,3.45],[-76.4757,3.4499],[-76.4758,3.4499],[-76.4759,3.4498],[-76.476,3.4497],[-76.4761,3.4497],[-76.4761,3.4496],[-76.4762,3.4496],[-76.4763,3.4495],[-76.4764,3.4495],[-76.4766,3.4494],[-76.4767,3.4494],[-76.4768,3.4493]]]]}},{"type":"Feature","properties":{"code":"08","name":"Comuna 08"},"geometry":{"type":"MultiPolygon","coordinates":[[[[-76.5089,3.4539],[-76.5065,3.4535],[-76.5055,3.4534],[-76.5053,3.4534],[-76.5052,3.4533],[-76.5047,3.4533],[-76.5045,3.4533],[-76.5043,3.4533],[-76.504,3.4533],[-76.5036,3.4532],[-76.5019,3.4529],[-76.5017,3.4529],[-76.5015,3.4529],[-76.5015,3.4528],[-76.5009,3.4528],[-76.5005,3.4528],[-76.4998,3.4528],[-76.4996,3.4528],[-76.4994,3.4528],[-76.4992,3.4528],[-76.499,3.4528],[-76.4986,3.4528],[-76.4985,3.4527],[-76.4984,3.4527],[-76.4981,3.4527],[-76.4977,3.4527],[-76.4976,3.4527],[-76.4974,3.4527],[-76.4972,3.4526],[-76.4968,3.4526],[-76.4967,3.4526],[-76.4966,3.4526],[-76.4965,3.4526],[-76.4964,3.4526],[-76.4962,3.4526],[-76.4961,3.4526],[-76.496,3.4526],[-76.4959,3.4526],[-76.4958,3.4526],[-76.4957,3.4526],[-76.4956,3.4526],[-76.4955,3.4526],[-76.4951,3.4526],[-76.4949,3.4526],[-76.4946,3.4526],[-76.4943,3.4526],[-76.4938,3.4527],[-76.4934,3.4527],[-76.493,3.4527],[-76.4928,3.4527],[-76.4927,3.4527],[-76.4922,3.4528],[-76.4919,3.4528],[-76.4917,3.4528],[-76.4915,3.4528],[-76.4914,3.4528],[-76.4912,3.4528],[-76.4911,3.4528],[-76.491,3.4528],[-76.4908,3.4528],[-76.4901,3.4527],[-76.49,3.4527],[-76.4898,3.4526],[-76.4894,3.4526],[-76.4886,3.4525],[-76.4882,3.4524],[-76.4879,3.4524],[-76.4875,3.4523],[-76.487,3.4523],[-76.4867,3.4523],[-76.4864,3.4523],[-76.4867,3.4515],[-76.4868,3.4515],[-76.4872,3.4506],[-76.4873,3.4505],[-76.4876,3.4499],[-76.4877,3.4498],[-76.4887,3.448],[-76.4889,3.4477],[-76.4893,3.4471],[-76.4894,3.447],[-76.4894,3.4469],[-76.4896,3.4466],[-76.4897,3.4464],[-76.4898,3.4462],[-76.4899,3.4459],[-76.4901,3.4455],[-76.4904,3.445],[-76.4904,3.4449],[-76.4909,3.4439],[-76.491,3.4439],[-76.4912,3.4438],[-76.4926,3.4433],[-76.4932,3.4431],[-76.4932,3.4429],[-76.4932,3.4428],[-76.4931,3.4427],[-76.493,3.4424],[-76.493,3.4423],[-76.4934,3.4422],[-76.4935,3.4422],[-76.4935,3.4421],[-76.4944,3.4418],[-76.4956,3.4414],[-76.4957,3.4414],[-76.4956,3.4411],[-76.4955,3.4409],[-76.4953,3.4405],[-76.496,3.4402],[-76.4962,3.4401],[-76.4975,3.4397],[-76.4977,3.4404],[-76.4977,3.4406],[-76.4977,3.4407],[-76.4977,3.4408],[-76.4977,3.4409],[-76.4977,3.441],[-76.4976,3.4413],[-76.4976,3.4414],[-76.4976,3.4416],[-76.4976,3.4417],[-76.4976,3.4419],[-76.4976,3.442],[-76.4975,3.4421],[-76.4975,3.4422],[-76.4975,3.4423],[-76.4975,3.4424],[-76.4975,3.4428],[-76.4975,3.4429],[-76.498,3.4429],[-76.4981,3.443],[-76.4981,3.4429],[-76.4982,3.4429],[-76.4982,3.4428],[-76.4988,3.4429],[-76.4992,3.4429],[-76.4994,3.4429],[-76.4995,3.4429],[-76.4997,3.443],[-76.5003,3.443],[-76.5005,3.4431],[-76.5006,3.4431],[-76.5009,3.4431],[-76.501,3.4431],[-76.5014,3.4432],[-76.5015,3.4432],[-76.5019,3.4432],[-76.502,3.4433],[-76.5026,3.4433],[-76.5027,3.4434],[-76.5027,3.4433],[-76.5026,3.4431],[-76.5025,3.4428],[-76.5023,3.4423],[-76.5021,3.4418],[-76.5021,3.4416],[-76.502,3.4412],[-76.5018,3.4407],[-76.5017,3.4404],[-76.5016,3.4402],[-76.5016,3.4401],[-76.5027,3.4398],[-76.5029,3.4397],[-76.5049,3.439],[-76.505,3.439],[-76.5054,3.4388],[-76.5059,3.4387],[-76.507,3.4383],[-76.5075,3.4381],[-76.5079,3.438],[-76.5081,3.4379],[-76.5083,3.4379],[-76.5084,3.4378],[-76.5084,3.4377],[-76.5084,3.4376],[-76.5083,3.4375],[-76.5082,3.4371],[-76.5082,3.437],[-76.5081,3.4367],[-76.5081,3.4366],[-76.5081,3.4365],[-76.5079,3.436],[-76.5097,3.4355],[-76.5095,3.4349],[-76.5113,3.4344],[-76.5114,3.4346],[-76.5115,3.4347],[-76.5116,3.4348],[-76.5118,3.435],[-76.5119,3.4351],[-76.5121,3.4353],[-76.5121,3.4354],[-76.5122,3.4355],[-76.5124,3.4359],[-76.513,3.4366],[-76.5132,3.4366],[-76.5133,3.4366],[-76.5137,3.4365],[-76.5139,3.4364],[-76.514,3.4364],[-76.5143,3.4364],[-76.5149,3.4363],[-76.5156,3.4362],[-76.5159,3.4362],[-76.516,3.4361],[-76.5165,3.4361],[-76.5168,3.436],[-76.518,3.4359],[-76.5191,3.4357],[-76.5193,3.4357],[-76.5194,3.4357],[-76.5194,3.4359],[-76.5191,3.4384],[-76.5188,3.4405],[-76.5187,3.4423],[-76.5186,3.443],[-76.5185,3.4437],[-76.5184,3.4446],[-76.5184,3.4447],[-76.5184,3.4449],[-76.5181,3.4477],[-76.518,3.4488],[-76.5179,3.4491],[-76.518,3.4502],[-76.5181,3.4513],[-76.5182,3.4517],[-76.5183,3.4522],[-76.5185,3.4527],[-76.5186,3.453],[-76.5187,3.4534],[-76.519,3.4544],[-76.5191,3.4546],[-76.519,3.4545],[-76.5189,3.4544],[-76.5189,3.4543],[-76.5189,3.4542],[-76.5188,3.4542],[-76.5188,3.4541],[-76.5187,3.454],[-76.5186,3.4539],[-76.5185,3.4538],[-76.5184,3.4538],[-76.5183,3.4537],[-76.5182,3.4537],[-76.5181,3.4537],[-76.518,3.4537],[-76.5179,3.4537],[-76.5178,3.4537],[-76.5177,3.4537],[-76.5176,3.4537],[-76.5175,3.4537],[-76.5175,3.4538],[-76.5174,3.4538],[-76.5173,3.4538],[-76.5173,3.4539],[-76.5172,3.4539],[-76.5172,3.454],[-76.5171,3.454],[-76.5171,3.4541],[-76.517,3.4541],[-76.517,3.4542],[-76.517,3.4543],[-76.5169,3.4543],[-76.5168,3.4546],[-76.5166,3.4549],[-76.5166,3.455],[-76.5165,3.455],[-76.5165,3.4551],[-76.5165,3.4552],[-76.5164,3.4552],[-76.5164,3.4553],[-76.5163,3.4553],[-76.5163,3.4554],[-76.5162,3.4554],[-76.5161,3.4554],[-76.5161,3.4555],[-76.5159,3.4556],[-76.5158,3.4556],[-76.5157,3.4556],[-76.5156,3.4556],[-76.5156,3.4557],[-76.5154,3.4557],[-76.5152,3.4558],[-76.5151,3.4558],[-76.5146,3.4559],[-76.5142,3.4561],[-76.5137,3.4562],[-76.5132,3.4564],[-76.5128,3.4565],[-76.5126,3.4566],[-76.5123,3.4567],[-76.5118,3.4568],[-76.5114,3.457],[-76.5109,3.4571],[-76.5107,3.4572],[-76.5106,3.4572],[-76.5103,3.4573],[-76.5103,3.4572],[-76.51,3.4561],[-76.51,3.456],[-76.5099,3.4559],[-76.5099,3.4557],[-76.5098,3.4554],[-76.5098,3.4553],[-76.5097,3.4551],[-76.5097,3.455],[-76.5097,3.4549],[-76.5097,3.4548],[-76.5096,3.4546],[-76.5096,3.4544],[-76.5095,3.4541],[-76.5095,3.454],[-76.5089,3.4539]]]]}},{"type":"Feature","properties":{"code":"09","name":"Comuna 09"},"geometry":{"type":"MultiPolygon","coordinates":[[[[-76.5186,3.443],[-76.5187,3.4423],[-76.5188,3.4405],[-76.5191,3.4384],[-76.5194,3.4359],[-76.5194,3.4357],[-76.5195,3.4356],[-76.5201,3.4356],[-76.5204,3.4355],[-76.521,3.4354],[-76.5211,3.4354],[-76.5215,3.4354],[-76.5218,3.4353],[-76.5222,3.4352],[-76.5223,3.4352],[-76.5226,3.4351],[-76.5228,3.435],[-76.5231,3.4349],[-76.5233,3.4348],[-76.5236,3.4346],[-76.5238,3.4345],[-76.524,3.4344],[-76.5241,3.4343],[-76.5242,3.4342],[-76.5251,3.4336],[-76.5254,3.4334],[-76.5256,3.4333],[-76.5259,3.433],[-76.5263,3.4328],[-76.5266,3.4326],[-76.5269,3.4324],[-76.5272,3.4322],[-76.5274,3.432],[-76.5281,3.4321],[-76.5287,3.4321],[-76.5288,3.4321],[-76.5289,3.4321],[-76.5291,3.4321],[-76.5292,3.4321],[-76.5294,3.4321],[-76.5296,3.4321],[-76.5298,3.4321],[-76.5298,3.4323],[-76.5299,3.4323],[-76.531,3.4327],[-76.5312,3.4328],[-76.5317,3.4329],[-76.532,3.433],[-76.5324,3.4331],[-76.5325,3.4332],[-76.5329,3.4333],[-76.5331,3.4334],[-76.5332,3.4334],[-76.5336,3.4335],[-76.5338,3.4336],[-76.5343,3.4337],[-76.5343,3.4338],[-76.5344,3.4339],[-76.5345,3.434],[-76.5347,3.4341],[-76.5348,3.4343],[-76.5349,3.4344],[-76.5353,3.4347],[-76.5354,3.4348],[-76.5355,3.4349],[-76.5358,3.4352],[-76.536,3.4353],[-76.5363,3.4357],[-76.5365,3.4358],[-76.537,3.4363],[-76.5371,3.4364],[-76.5373,3.4366],[-76.5377,3.4369],[-76.5378,3.437],[-76.5386,3.4378],[-76.5378,3.4387],[-76.5375,3.4391],[-76.5372,3.4395],[-76.5367,3.4401],[-76.5361,3.4406],[-76.5354,3.4409],[-76.535,3.4411],[-76.5347,3.4413],[-76.5343,3.4415],[-76.5342,3.4415],[-76.5337,3.4418],[-76.5333,3.442],[-76.5332,3.442],[-76.5331,3.442],[-76.533,3.4421],[-76.5326,3.4422],[-76.5323,3.4423],[-76.532,3.4424],[-76.5319,3.4424],[-76.5317,3.4425],[-76.5314,3.4425],[-76.5312,3.4426],[-76.5309,3.4426],[-76.5308,3.4426],[-76.5297,3.4427],[-76.5296,3.4427],[-76.5288,3.4427],[-76.5286,3.4427],[-76.5278,3.4427],[-76.5271,3.4426],[-76.5261,3.4426],[-76.526,3.4426],[-76.526,3.4428],[-76.526,3.4429],[-76.526,3.443],[-76.526,3.4431],[-76.5261,3.4431],[-76.5261,3.4432],[-76.5262,3.4434],[-76.5265,3.4442],[-76.5266,3.4446],[-76.5266,3.4448],[-76.5267,3.4448],[-76.5267,3.4449],[-76.5267,3.445],[-76.5267,3.4451],[-76.5267,3.4452],[-76.5268,3.4452],[-76.5268,3.4453],[-76.5268,3.4454],[-76.5268,3.4455],[-76.5268,3.4456],[-76.5269,3.4456],[-76.5269,3.4459],[-76.5269,3.446],[-76.527,3.4464],[-76.5272,3.4469],[-76.5272,3.4471],[-76.5274,3.4477],[-76.5276,3.4481],[-76.5278,3.4488],[-76.5282,3.45],[-76.5283,3.4501],[-76.5275,3.4504],[-76.5265,3.4507],[-76.526,3.4509],[-76.5249,3.4512],[-76.5241,3.4515],[-76.5232,3.4518],[-76.5231,3.4518],[-76.5225,3.452],[-76.5221,3.4522],[-76.5216,3.4523],[-76.5208,3.4525],[-76.5198,3.4527],[-76.5187,3.453],[-76.5186,3.453],[-76.5185,3.4527],[-76.5183,3.4522],[-76.5182,3.4517],[-76.5181,3.4513],[-76.518,3.4502],[-76.5179,3.4491],[-76.518,3.4488],[-76.5181,3.4477],[-76.5184,3.4449],[-76.5184,3.4447],[-76.5184,3.4446],[-76.5185,3.4437],[-76.5186,3.443]]]]}},{"type":"Feature","properties":{"code":"10","name":"Comuna 10"},"geometry":{"type":"MultiPolygon","coordinates":[[[[-76.5201,3.429],[-76.5205,3.4256],[-76.5206,3.4247],[-76.5207,3.4245],[-76.5209,3.4224],[-76.5211,3.4211],[-76.5212,3.4196],[-76.5213,3.4193],[-76.5213,3.4191],[-76.5214,3.417],[-76.5215,3.4163],[-76.5216,3.4144],[-76.5216,3.4137],[-76.5218,3.4117],[-76.5218,3.4116],[-76.522,3.41],[-76.5223,3.4075],[-76.5225,3.4056],[-76.5226,3.4055],[-76.5243,3.4057],[-76.5246,3.4057],[-76.525,3.4058],[-76.5254,3.4059],[-76.5261,3.4062],[-76.5268,3.4064],[-76.5269,3.4064],[-76.527,3.4064],[-76.5271,3.4065],[-76.5278,3.4067],[-76.5285,3.407],[-76.5286,3.407],[-76.5292,3.4072],[-76.5302,3.4075],[-76.5303,3.4076],[-76.5304,3.4076],[-76.5309,3.4078],[-76.5316,3.408],[-76.5317,3.408],[-76.5319,3.4081],[-76.5325,3.4083],[-76.5331,3.4084],[-76.5335,3.4086],[-76.5343,3.4088],[-76.5344,3.4089],[-76.5346,3.4089],[-76.5354,3.4092],[-76.5364,3.4095],[-76.5365,3.4095],[-76.537,3.4097],[-76.5374,3.4099],[-76.5378,3.41],[-76.5384,3.4102],[-76.5387,3.4103],[-76.5385,3.4111],[-76.5382,3.4118],[-76.5379,3.4126],[-76.5378,3.4132],[-76.5374,3.4143],[-76.5372,3.4148],[-76.5371,3.4153],[-76.5369,3.4158],[-76.5368,3.4163],[-76.5366,3.4168],[-76.5365,3.4172],[-76.5362,3.4179],[-76.5358,3.4191],[-76.5355,3.4203],[-76.5353,3.4208],[-76.5351,3.4213],[-76.5348,3.4223],[-76.5343,3.4237],[-76.534,3.4247],[-76.5336,3.4245],[-76.5333,3.4244],[-76.5331,3.4251],[-76.533,3.4251],[-76.5328,3.4251],[-76.5326,3.425],[-76.5324,3.4249],[-76.5321,3.4248],[-76.5318,3.4247],[-76.5316,3.4247],[-76.5315,3.4249],[-76.5314,3.4251],[-76.5314,3.4252],[-76.5313,3.4256],[-76.5312,3.4257],[-76.5312,3.4259],[-76.5311,3.4261],[-76.531,3.4263],[-76.531,3.4265],[-76.5309,3.4268],[-76.5308,3.4269],[-76.5307,3.4272],[-76.5307,3.4274],[-76.5306,3.4275],[-76.5303,3.4274],[-76.5302,3.4273],[-76.5302,3.4274],[-76.53,3.428],[-76.5298,3.4285],[-76.5298,3.4287],[-76.53,3.4287],[-76.5301,3.4288],[-76.5302,3.4288],[-76.5302,3.4289],[-76.5303,3.4289],[-76.5302,3.429],[-76.53,3.4291],[-76.5296,3.4294],[-76.5295,3.4295],[-76.5294,3.4296],[-76.5292,3.4297],[-76.529,3.4298],[-76.5289,3.4299],[-76.5293,3.4304],[-76.5294,3.4304],[-76.5295,3.4306],[-76.5293,3.4307],[-76.5292,3.4307],[-76.5291,3.4308],[-76.5278,3.4317],[-76.5275,3.4319],[-76.5274,3.432],[-76.5272,3.4322],[-76.5269,3.4324],[-76.5266,3.4326],[-76.5263,3.4328],[-76.5259,3.433],[-76.5256,3.4333],[-76.5254,3.4334],[-76.5251,3.4336],[-76.5242,3.4342],[-76.5241,3.4343],[-76.524,3.4344],[-76.5238,3.4345],[-76.5236,3.4346],[-76.5233,3.4348],[-76.5231,3.4349],[-76.5228,3.435],[-76.5226,3.4351],[-76.5223,3.4352],[-76.5222,3.4352],[-76.5218,3.4353],[-76.5215,3.4354],[-76.5211,3.4354],[-76.521,3.4354],[-76.5204,3.4355],[-76.5201,3.4356],[-76.5195,3.4356],[-76.5194,3.4357],[-76.5194,3.4354],[-76.5194,3.4351],[-76.5197,3.4325],[-76.5198,3.4325],[-76.5198,3.4324],[-76.5201,3.4292],[-76.5201,3.4291],[-76.5201,3.429]]]]}},{"type":"Feature","properties":{"code":"11","name":"Comuna 11"},"geometry":{"type":"MultiPolygon","coordinates":[[[[-76.5074,3.4275],[-76.5074,3.4273],[-76.5072,3.4274],[-76.5071,3.4275],[-76.5061,3.4279],[-76.506,3.4279],[-76.5059,3.428],[-76.5058,3.4278],[-76.5057,3.4277],[-76.5057,3.4276],[-76.5056,3.4275],[-76.5055,3.4274],[-76.5054,3.4272],[-76.5052,3.4271],[-76.505,3.4269],[-76.5048,3.4267],[-76.5046,3.4264],[-76.504,3.4258],[-76.5038,3.4255],[-76.5037,3.4254],[-76.5034,3.4251],[-76.5032,3.425],[-76.5032,3.4249],[-76.5029,3.4247],[-76.5028,3.4247],[-76.5027,3.4246],[-76.5035,3.4238],[-76.5037,3.4236],[-76.5046,3.4228],[-76.5048,3.4226],[-76.506,3.4214],[-76.5065,3.421],[-76.5065,3.4209],[-76.5067,3.4208],[-76.5069,3.4206],[-76.507,3.4205],[-76.5073,3.4202],[-76.5079,3.4195],[-76.508,3.4195],[-76.508,3.4194],[-76.5081,3.4193],[-76.5089,3.4187],[-76.5095,3.418],[-76.5101,3.4175],[-76.5116,3.4161],[-76.5117,3.416],[-76.5126,3.4151],[-76.5138,3.4139],[-76.514,3.4137],[-76.5151,3.4127],[-76.5162,3.4117],[-76.5178,3.4101],[-76.5182,3.4097],[-76.5183,3.4096],[-76.5184,3.4095],[-76.5194,3.4086],[-76.5208,3.4072],[-76.5216,3.4064],[-76.5217,3.4062],[-76.5217,3.406],[-76.5218,3.4055],[-76.5218,3.4052],[-76.5218,3.4049],[-76.5219,3.4047],[-76.5219,3.4046],[-76.522,3.4043],[-76.522,3.404],[-76.5221,3.4038],[-76.5221,3.4037],[-76.5221,3.4036],[-76.5222,3.4037],[-76.5223,3.404],[-76.5223,3.4043],[-76.5224,3.4046],[-76.5224,3.4049],[-76.5226,3.4051],[-76.5226,3.4053],[-76.5226,3.4055],[-76.5225,3.4056],[-76.5223,3.4075],[-76.522,3.41],[-76.5218,3.4116],[-76.5218,3.4117],[-76.5216,3.4137],[-76.5216,3.4144],[-76.5215,3.4163],[-76.5214,3.417],[-76.5213,3.4191],[-76.5213,3.4193],[-76.5212,3.4196],[-76.5211,3.4211],[-76.5209,3.4224],[-76.5207,3.4245],[-76.5206,3.4247],[-76.5205,3.4256],[-76.5201,3.429],[-76.5201,3.4291],[-76.5201,3.4292],[-76.5198,3.4324],[-76.5198,3.4325],[-76.5197,3.4325],[-76.5194,3.4351],[-76.5194,3.4354],[-76.5194,3.4357],[-76.5193,3.4357],[-76.5191,3.4357],[-76.518,3.4359],[-76.5168,3.436],[-76.5165,3.4361],[-76.516,3.4361],[-76.5159,3.4362],[-76.5156,3.4362],[-76.5149,3.4363],[-76.5143,3.4364],[-76.514,3.4364],[-76.5139,3.4364],[-76.5137,3.4365],[-76.5133,3.4366],[-76.5132,3.4366],[-76.513,3.4366],[-76.5124,3.4359],[-76.5122,3.4355],[-76.5121,3.4354],[-76.5121,3.4353],[-76.5119,3.4351],[-76.5118,3.435],[-76.5116,3.4348],[-76.5115,3.4347],[-76.5114,3.4346],[-76.5113,3.4344],[-76.5109,3.434],[-76.5117,3.4329],[-76.5115,3.4327],[-76.5114,3.4327],[-76.5109,3.4324],[-76.5108,3.4324],[-76.5107,3.4323],[-76.5102,3.4322],[-76.51,3.4321],[-76.5098,3.432],[-76.5097,3.432],[-76.5098,3.4319],[-76.5098,3.4318],[-76.5099,3.4318],[-76.5099,3.4317],[-76.5101,3.4314],[-76.5104,3.4308],[-76.5104,3.4307],[-76.5103,3.4307],[-76.5102,3.4306],[-76.5101,3.4306],[-76.5101,3.4305],[-76.5099,3.4304],[-76.5098,3.4303],[-76.5097,3.4302],[-76.5095,3.43],[-76.5093,3.4299],[-76.5092,3.4297],[-76.5089,3.4295],[-76.5088,3.4294],[-76.5087,3.4293],[-76.5085,3.4291],[-76.5085,3.429],[-76.5084,3.4289],[-76.508,3.4284],[-76.5078,3.4282],[-76.5077,3.4281],[-76.5076,3.4278],[-76.5074,3.4275]]]]}},{"type":"Feature","properties":{"code":"12","name":"Comuna 12"},"geometry":{"type":"MultiPolygon","coordinates":[[[[-76.4928,3.44],[-76.4933,3.439],[-76.4936,3.4385],[-76.4948,3.436],[-76.4953,3.4351],[-76.4958,3.4342],[-76.4959,3.434],[-76.4967,3.4324],[-76.4972,3.4314],[-76.4979,3.4301],[-76.4981,3.4297],[-76.4986,3.4289],[-76.4987,3.4287],[-76.4988,3.4286],[-76.499,3.4282],[-76.4991,3.428],[-76.4994,3.4277],[-76.4997,3.4274],[-76.4998,3.4274],[-76.5002,3.4269],[-76.5009,3.4262],[-76.5016,3.4256],[-76.5018,3.4254],[-76.5022,3.4251],[-76.5024,3.4248],[-76.5026,3.4247],[-76.5027,3.4246],[-76.5028,3.4247],[-76.5029,3.4247],[-76.5032,3.4249],[-76.5032,3.425],[-76.5034,3.4251],[-76.5037,3.4254],[-76.5038,3.4255],[-76.504,3.4258],[-76.5046,3.4264],[-76.5048,3.4267],[-76.505,3.4269],[-76.5052,3.4271],[-76.5054,3.4272],[-76.5055,3.4274],[-76.5056,3.4275],[-76.5057,3.4276],[-76.5057,3.4277],[-76.5058,3.4278],[-76.5059,3.428],[-76.506,3.4279],[-76.5061,3.4279],[-76.5071,3.4275],[-76.5072,3.4274],[-76.5074,3.4273],[-76.5074,3.4275],[-76.5076,3.4278],[-76.5077,3.4281],[-76.5078,3.4282],[-76.508,3.4284],[-76.5084,3.4289],[-76.5085,3.429],[-76.5085,3.4291],[-76.5087,3.4293],[-76.5088,3.4294],[-76.5089,3.4295],[-76.5092,3.4297],[-76.5093,3.4299],[-76.5095,3.43],[-76.5097,3.4302],[-76.5098,3.4303],[-76.5099,3.4304],[-76.5101,3.4305],[-76.5101,3.4306],[-76.5102,3.4306],[-76.5103,3.4307],[-76.5104,3.4307],[-76.5104,3.4308],[-76.5101,3.4314],[-76.5099,3.4317],[-76.5099,3.4318],[-76.5098,3.4318],[-76.5098,3.4319],[-76.5097,3.432],[-76.5098,3.432],[-76.51,3.4321],[-76.5102,3.4322],[-76.5107,3.4323],[-76.5108,3.4324],[-76.5109,3.4324],[-76.5114,3.4327],[-76.5115,3.4327],[-76.5117,3.4329],[-76.5109,3.434],[-76.5113,3.4344],[-76.5095,3.4349],[-76.5097,3.4355],[-76.5079,3.436],[-76.5081,3.4365],[-76.5081,3.4366],[-76.5081,3.4367],[-76.5082,3.437],[-76.5082,3.4371],[-76.5083,3.4375],[-76.5084,3.4376],[-76.5084,3.4377],[-76.5084,3.4378],[-76.5083,3.4379],[-76.5081,3.4379],[-76.5079,3.438],[-76.5075,3.4381],[-76.507,3.4383],[-76.5059,3.4387],[-76.5054,3.4388],[-76.505,3.439],[-76.5049,3.439],[-76.5029,3.4397],[-76.5027,3.4398],[-76.5016,3.4401],[-76.5016,3.4402],[-76.5017,3.4404],[-76.5018,3.4407],[-76.502,3.4412],[-76.5021,3.4416],[-76.5021,3.4418],[-76.5023,3.4423],[-76.5025,3.4428],[-76.5026,3.4431],[-76.5027,3.4433],[-76.5027,3.4434],[-76.5026,3.4433],[-76.502,3.4433],[-76.5019,3.4432],[-76.5015,3.4432],[-76.5014,3.4432],[-76.501,3.4431],[-76.5009,3.4431],[-76.5006,3.4431],[-76.5005,3.4431],[-76.5003,3.443],[-76.4997,3.443],[-76.4995,3.4429],[-76.4994,3.4429],[-76.4992,3.4429],[-76.4988,3.4429],[-76.4982,3.4428],[-76.4982,3.4429],[-76.4981,3.4429],[-76.4981,3.443],[-76.498,3.4429],[-76.4975,3.4429],[-76.4975,3.4428],[-76.4975,3.4424],[-76.4975,3.4423],[-76.4975,3.4422],[-76.4975,3.4421],[-76.4976,3.442],[-76.4976,3.4419],[-76.4976,3.4417],[-76.4976,3.4416],[-76.4976,3.4414],[-76.4976,3.4413],[-76.4977,3.441],[-76.4977,3.4409],[-76.4977,3.4408],[-76.4977,3.4407],[-76.4977,3.4406],[-76.4977,3.4404],[-76.4975,3.4397],[-76.4962,3.4401],[-76.496,3.4402],[-76.4953,3.4405],[-76.4955,3.4409],[-76.4956,3.4411],[-76.4957,3.4414],[-76.4956,3.4414],[-76.4944,3.4418],[-76.4935,3.4421],[-76.4935,3.4422],[-76.4934,3.4422],[-76.493,3.4423],[-76.493,3.4424],[-76.4931,3.4427],[-76.4932,3.4428],[-76.4932,3.4429],[-76.4932,3.4431],[-76.4926,3.4433],[-76.4912,3.4438],[-76.491,3.4439],[-76.4909,3.4439],[-76.4908,3.4439],[-76.491,3.4436],[-76.4917,3.4423],[-76.492,3.4417],[-76.4924,3.4408],[-76.4928,3.44]]]]}},{"type":"Feature","properties":{"code":"13","name":"Comuna 13"},"geometry":{"type":"MultiPolygon","coordinates":[[[[-76.4869,3.4433],[-76.4866,3.4434],[-76.4865,3.4434],[-76.4862,3.4435],[-76.486,3.4436],[-76.4859,3.4436],[-76.4857,3.4437],[-76.4856,3.4437],[-76.4854,3.4438],[-76.4853,3.4438],[-76.4853,3.4439],[-76.4851,3.4439],[-76.485,3.4439],[-76.4849,3.444],[-76.4848,3.444],[-76.4847,3.4441],[-76.4846,3.4441],[-76.4845,3.4441],[-76.4844,3.4441],[-76.4844,3.4442],[-76.4843,3.4442],[-76.4842,3.4442],[-76.4841,3.4442],[-76.4841,3.4443],[-76.4841,3.4442],[-76.4841,3.4441],[-76.4841,3.444],[-76.4842,3.4438],[-76.4841,3.4437],[-76.4841,3.4434],[-76.4841,3.4429],[-76.4841,3.4414],[-76.4841,3.4411],[-76.4841,3.4406],[-76.4841,3.4405],[-76.4841,3.4404],[-76.484,3.4402],[-76.484,3.44],[-76.484,3.4395],[-76.484,3.4391],[-76.484,3.4383],[-76.484,3.4376],[-76.484,3.437],[-76.484,3.4367],[-76.484,3.4363],[-76.4839,3.4355],[-76.4839,3.4351],[-76.4839,3.4347],[-76.4839,3.4346],[-76.4839,3.434],[-76.4839,3.433],[-76.4839,3.4321],[-76.4839,3.4318],[-76.4838,3.431],[-76.4838,3.4308],[-76.4838,3.4298],[-76.4838,3.4287],[-76.4838,3.4281],[-76.4839,3.4279],[-76.4841,3.4275],[-76.4841,3.4274],[-76.4843,3.427],[-76.4846,3.4263],[-76.4847,3.426],[-76.4849,3.4255],[-76.4853,3.4247],[-76.4855,3.4241],[-76.4856,3.4239],[-76.4858,3.4235],[-76.4859,3.4232],[-76.486,3.423],[-76.4861,3.4228],[-76.4862,3.4225],[-76.4864,3.4221],[-76.4866,3.4216],[-76.4869,3.4208],[-76.4871,3.4204],[-76.4874,3.4197],[-76.4875,3.4196],[-76.4875,3.4195],[-76.4876,3.4194],[-76.4877,3.4194],[-76.4879,3.4193],[-76.4881,3.4194],[-76.4883,3.4195],[-76.4884,3.4195],[-76.4886,3.4195],[-76.4887,3.4195],[-76.4889,3.4194],[-76.4891,3.4193],[-76.4893,3.4192],[-76.4896,3.4191],[-76.4898,3.4189],[-76.4899,3.4189],[-76.49,3.4188],[-76.4901,3.4187],[-76.4902,3.4186],[-76.4904,3.4186],[-76.4905,3.4185],[-76.4906,3.4185],[-76.4908,3.4185],[-76.4909,3.4184],[-76.491,3.4184],[-76.4913,3.4183],[-76.4915,3.4182],[-76.4919,3.418],[-76.4922,3.4178],[-76.4924,3.4177],[-76.4925,3.4175],[-76.4927,3.4174],[-76.4928,3.4173],[-76.4929,3.4171],[-76.493,3.4169],[-76.4931,3.4169],[-76.4933,3.4167],[-76.4934,3.4167],[-76.4936,3.4166],[-76.4937,3.4166],[-76.4939,3.4166],[-76.494,3.4166],[-76.4942,3.4166],[-76.4943,3.4167],[-76.4944,3.4167],[-76.4947,3.4167],[-76.4948,3.4167],[-76.4949,3.4167],[-76.495,3.4167],[-76.495,3.4166],[-76.4951,3.4166],[-76.4952,3.4166],[-76.4952,3.4165],[-76.4953,3.4165],[-76.4953,3.4164],[-76.4954,3.4164],[-76.4968,3.4151],[-76.4972,3.4146],[-76.4974,3.4144],[-76.4975,3.4143],[-76.4976,3.4142],[-76.4977,3.4142],[-76.4978,3.414],[-76.498,3.4139],[-76.4982,3.4137],[-76.4985,3.4134],[-76.4987,3.4132],[-76.4989,3.413],[-76.4991,3.4128],[-76.4994,3.4125],[-76.4996,3.4123],[-76.4999,3.412],[-76.5001,3.4118],[-76.5003,3.4116],[-76.5005,3.4115],[-76.5006,3.4115],[-76.5006,3.4116],[-76.501,3.412],[-76.5012,3.4122],[-76.5014,3.4124],[-76.5015,3.4125],[-76.5017,3.4127],[-76.5017,3.4128],[-76.5018,3.4128],[-76.5018,3.4129],[-76.5019,3.413],[-76.502,3.4131],[-76.5021,3.4132],[-76.5026,3.4137],[-76.5029,3.414],[-76.503,3.4141],[-76.5033,3.4144],[-76.5034,3.4146],[-76.5036,3.4147],[-76.5037,3.4149],[-76.5038,3.4149],[-76.5039,3.415],[-76.504,3.4152],[-76.5041,3.4153],[-76.5045,3.4156],[-76.5045,3.4157],[-76.5046,3.4158],[-76.5044,3.4159],[-76.5041,3.4162],[-76.5039,3.4164],[-76.5038,3.4165],[-76.5037,3.4166],[-76.5032,3.417],[-76.503,3.4172],[-76.5031,3.4172],[-76.5031,3.4173],[-76.5033,3.4175],[-76.5034,3.4176],[-76.5035,3.4177],[-76.5037,3.4179],[-76.504,3.4182],[-76.5041,3.4183],[-76.5042,3.4184],[-76.5044,3.4186],[-76.5045,3.4187],[-76.5049,3.4192],[-76.5051,3.4193],[-76.5054,3.4196],[-76.5054,3.4197],[-76.5055,3.4198],[-76.5057,3.42],[-76.5063,3.4206],[-76.5065,3.4208],[-76.5065,3.4209],[-76.5065,3.421],[-76.506,3.4214],[-76.5048,3.4226],[-76.5046,3.4228],[-76.5037,3.4236],[-76.5035,3.4238],[-76.5027,3.4246],[-76.5026,3.4247],[-76.5024,3.4248],[-76.5022,3.4251],[-76.5018,3.4254],[-76.5016,3.4256],[-76.5009,3.4262],[-76.5002,3.4269],[-76.4998,3.4274],[-76.4997,3.4274],[-76.4994,3.4277],[-76.4991,3.428],[-76.499,3.4282],[-76.4988,3.4286],[-76.4987,3.4287],[-76.4986,3.4289],[-76.4981,3.4297],[-76.4979,3.4301],[-76.4972,3.4314],[-76.4967,3.4324],[-76.4959,3.434],[-76.4958,3.4342],[-76.4953,3.4351],[-76.4948,3.436],[-76.4936,3.4385],[-76.4933,3.439],[-76.4928,3.44],[-76.4924,3.4408],[-76.492,3.4417],[-76.4917,3.4423],[-76.491,3.4436],[-76.4908,3.4439],[-76.4905,3.4441],[-76.4903,3.4441],[-76.4901,3.4442],[-76.4899,3.4443],[-76.4897,3.4444],[-76.4895,3.4444],[-76.4894,3.4444],[-76.4892,3.4443],[-76.489,3.4442],[-76.4888,3.4441],[-76.4886,3.4441],[-76.4885,3.444],[-76.4883,3.4439],[-76.4881,3.4438],[-76.4879,3.4438],[-76.4878,3.4437],[-76.4876,3.4436],[-76.4875,3.4436],[-76.4874,3.4435],[-76.4871,3.4434],[-76.4869,3.4433]]]]}},{"type":"Feature","properties":{"code":"14","name":"Comuna 14"},"geometry":{"type":"MultiPolygon","coordinates":[[[[-76.469,3.4193],[-76.4693,3.4187],[-76.4699,3.4175],[-76.4702,3.4171],[-76.4705,3.4166],[-76.4708,3.4161],[-76.471,3.4158],[-76.4711,3.4156],[-76.4713,3.4152],[-76.4718,3.4142],[-76.4719,3.4141],[-76.4721,3.4138],[-76.4725,3.413],[-76.473,3.412],[-76.4731,3.4119],[-76.4733,3.4117],[-76.4733,3.4116],[-76.4737,3.4117],[-76.4739,3.4118],[-76.4757,3.4118],[-76.4759,3.4118],[-76.4763,3.4119],[-76.4767,3.4119],[-76.4787,3.4119],[-76.4797,3.4119],[-76.4799,3.4119],[-76.48,3.4119],[-76.48,3.412],[-76.48,3.4121],[-76.48,3.4122],[-76.4799,3.4122],[-76.4799,3.4123],[-76.4799,3.4124],[-76.4798,3.4126],[-76.4797,3.4128],[-76.4797,3.4131],[-76.4797,3.4132],[-76.4797,3.4133],[-76.4797,3.4134],[-76.4799,3.4135],[-76.48,3.4137],[-76.4801,3.4139],[-76.4803,3.4141],[-76.4806,3.4144],[-76.4809,3.4147],[-76.4811,3.4148],[-76.4812,3.4148],[-76.4813,3.4149],[-76.4814,3.415],[-76.4815,3.415],[-76.4816,3.415],[-76.4818,3.415],[-76.482,3.4151],[-76.4822,3.4151],[-76.4824,3.4151],[-76.4825,3.4151],[-76.4826,3.4151],[-76.4827,3.4151],[-76.4829,3.4152],[-76.4829,3.4153],[-76.4829,3.4155],[-76.4829,3.4156],[-76.483,3.4157],[-76.4831,3.4157],[-76.4832,3.4158],[-76.4833,3.4158],[-76.4834,3.4159],[-76.4835,3.416],[-76.4835,3.4161],[-76.4836,3.4162],[-76.4836,3.4163],[-76.4836,3.4165],[-76.4836,3.4166],[-76.4836,3.4167],[-76.4836,3.4168],[-76.4835,3.4168],[-76.4835,3.417],[-76.4835,3.4172],[-76.4835,3.4173],[-76.4835,3.4174],[-76.4835,3.4175],[-76.4836,3.4176],[-76.4837,3.4177],[-76.4838,3.4178],[-76.4839,3.4179],[-76.484,3.418],[-76.4842,3.4181],[-76.4843,3.4183],[-76.4846,3.4185],[-76.4847,3.4187],[-76.4849,3.4188],[-76.485,3.4189],[-76.4852,3.419],[-76.4853,3.419],[-76.4854,3.4191],[-76.4855,3.4191],[-76.4857,3.4191],[-76.4858,3.4191],[-76.486,3.4191],[-76.4863,3.4191],[-76.4864,3.4182],[-76.4867,3.4184],[-76.4871,3.4187],[-76.4873,3.4188],[-76.4877,3.4191],[-76.4879,3.4193],[-76.4877,3.4194],[-76.4876,3.4194],[-76.4875,3.4195],[-76.4875,3.4196],[-76.4874,3.4197],[-76.4871,3.4204],[-76.4869,3.4208],[-76.4866,3.4216],[-76.4864,3.4221],[-76.4862,3.4225],[-76.4861,3.4228],[-76.486,3.423],[-76.4859,3.4232],[-76.4858,3.4235],[-76.4856,3.4239],[-76.4855,3.4241],[-76.4853,3.4247],[-76.4849,3.4255],[-76.4847,3.426],[-76.4846,3.4263],[-76.4843,3.427],[-76.4841,3.4274],[-76.4841,3.4275],[-76.4839,3.4279],[-76.4838,3.4281],[-76.4838,3.4287],[-76.4838,3.4298],[-76.4838,3.4308],[-76.4838,3.431],[-76.4839,3.4318],[-76.4839,3.4321],[-76.4839,3.433],[-76.4839,3.434],[-76.4839,3.4346],[-76.4839,3.4347],[-76.4839,3.4351],[-76.4839,3.4355],[-76.484,3.4363],[-76.484,3.4367],[-76.484,3.437],[-76.484,3.4376],[-76.484,3.4383],[-76.484,3.4391],[-76.484,3.4395],[-76.484,3.44],[-76.484,3.4402],[-76.4839,3.4402],[-76.4836,3.4403],[-76.4834,3.4405],[-76.483,3.4408],[-76.4826,3.441],[-76.4825,3.4412],[-76.4823,3.4413],[-76.4823,3.4415],[-76.4819,3.4413],[-76.4817,3.4412],[-76.4815,3.4412],[-76.481,3.4409],[-76.4809,3.4408],[-76.479,3.4396],[-76.4773,3.4385],[-76.477,3.4383],[-76.4766,3.4381],[-76.4764,3.4379],[-76.476,3.4373],[-76.4755,3.4367],[-76.4752,3.4363],[-76.4745,3.4355],[-76.4738,3.4344],[-76.4736,3.4343],[-76.4736,3.4342],[-76.4735,3.4341],[-76.4732,3.4338],[-76.4731,3.4337],[-76.4725,3.4329],[-76.4719,3.4322],[-76.4716,3.4317],[-76.4715,3.4317],[-76.4712,3.4311],[-76.4706,3.4305],[-76.4703,3.43],[-76.4701,3.4298],[-76.4694,3.4289],[-76.4686,3.4278],[-76.4681,3.4272],[-76.4677,3.4266],[-76.4671,3.4259],[-76.4668,3.4254],[-76.4666,3.4251],[-76.4665,3.4249],[-76.4665,3.4247],[-76.4664,3.4245],[-76.4664,3.4242],[-76.4664,3.424],[-76.4665,3.4238],[-76.4666,3.4235],[-76.4668,3.4231],[-76.4675,3.4218],[-76.4679,3.4212],[-76.4686,3.4198],[-76.469,3.4193]]]]}},{"type":"Feature","properties":{"code":"15","name":"Comuna 15"},"geometry":{"type":"MultiPolygon","coordinates":[[[[-76.4867,3.4184],[-76.4864,3.4182],[-76.4863,3.4191],[-76.486,3.4191],[-76.4858,3.4191],[-76.4857,3.4191],[-76.4855,3.4191],[-76.4854,3.4191],[-76.4853,3.419],[-76.4852,3.419],[-76.485,3.4189],[-76.4849,3.4188],[-76.4847,3.4187],[-76.4846,3.4185],[-76.4843,3.4183],[-76.4842,3.4181],[-76.484,3.418],[-76.4839,3.4179],[-76.4838,3.4178],[-76.4837,3.4177],[-76.4836,3.4176],[-76.4835,3.4175],[-76.4835,3.4174],[-76.4835,3.4173],[-76.4835,3.4172],[-76.4835,3.417],[-76.4835,3.4168],[-76.4836,3.4168],[-76.4836,3.4167],[-76.4836,3.4166],[-76.4836,3.4165],[-76.4836,3.4163],[-76.4836,3.4162],[-76.4835,3.4161],[-76.4835,3.416],[-76.4834,3.4159],[-76.4833,3.4158],[-76.4832,3.4158],[-76.4831,3.4157],[-76.483,3.4157],[-76.4829,3.4156],[-76.4829,3.4155],[-76.4829,3.4153],[-76.4829,3.4152],[-76.4829,3.4151],[-76.4829,3.415],[-76.4829,3.4149],[-76.4829,3.4148],[-76.4829,3.4147],[-76.4829,3.4146],[-76.483,3.4146],[-76.483,3.4145],[-76.483,3.4144],[-76.483,3.4143],[-76.4831,3.4143],[-76.4831,3.4142],[-76.4832,3.4142],[-76.4832,3.4141],[-76.4833,3.4141],[-76.4834,3.4141],[-76.4834,3.414],[-76.4834,3.4139],[-76.4835,3.4139],[-76.4835,3.4138],[-76.4835,3.4137],[-76.4834,3.4137],[-76.4834,3.4136],[-76.4835,3.4136],[-76.4835,3.4135],[-76.4836,3.4135],[-76.4837,3.4135],[-76.4837,3.4134],[-76.4838,3.4134],[-76.4839,3.4133],[-76.484,3.4133],[-76.4842,3.4132],[-76.4844,3.4131],[-76.4849,3.4129],[-76.485,3.4129],[-76.4854,3.4127],[-76.4857,3.4126],[-76.4859,3.4125],[-76.486,3.4125],[-76.4862,3.4124],[-76.4866,3.4122],[-76.4868,3.4121],[-76.4871,3.4119],[-76.4872,3.4119],[-76.4875,3.4117],[-76.4876,3.4116],[-76.4878,3.4115],[-76.4881,3.4113],[-76.4883,3.4112],[-76.4885,3.4111],[-76.4887,3.411],[-76.4889,3.4109],[-76.489,3.4108],[-76.4891,3.4107],[-76.4893,3.4106],[-76.4894,3.4105],[-76.4896,3.4104],[-76.4896,3.4103],[-76.4897,3.4103],[-76.4898,3.4102],[-76.4899,3.4101],[-76.4901,3.41],[-76.4902,3.41],[-76.4902,3.4099],[-76.4904,3.4098],[-76.4906,3.4096],[-76.4907,3.4096],[-76.4908,3.4095],[-76.491,3.4094],[-76.4911,3.4093],[-76.4913,3.4091],[-76.4914,3.409],[-76.4916,3.4088],[-76.4917,3.4088],[-76.4917,3.4087],[-76.4918,3.4085],[-76.4919,3.4085],[-76.492,3.4084],[-76.4921,3.4082],[-76.4922,3.4081],[-76.4922,3.408],[-76.4923,3.4079],[-76.4924,3.4078],[-76.4925,3.4076],[-76.4926,3.4076],[-76.4926,3.4074],[-76.4927,3.4073],[-76.4928,3.4072],[-76.493,3.407],[-76.493,3.4069],[-76.4932,3.4067],[-76.4933,3.4066],[-76.4936,3.4063],[-76.4938,3.4061],[-76.494,3.406],[-76.4942,3.4058],[-76.4943,3.4058],[-76.4946,3.4057],[-76.4947,3.4056],[-76.4948,3.4055],[-76.4949,3.4055],[-76.495,3.4054],[-76.4951,3.4053],[-76.4952,3.4053],[-76.4953,3.4052],[-76.4954,3.4051],[-76.4955,3.4051],[-76.4955,3.405],[-76.4957,3.4049],[-76.4958,3.4049],[-76.4959,3.4048],[-76.496,3.4047],[-76.4961,3.4047],[-76.4962,3.4046],[-76.4963,3.4045],[-76.4963,3.4044],[-76.4964,3.4043],[-76.4965,3.4043],[-76.4967,3.4041],[-76.4969,3.4039],[-76.497,3.4039],[-76.4972,3.4037],[-76.4972,3.4036],[-76.4974,3.4035],[-76.4975,3.4034],[-76.4976,3.4033],[-76.4977,3.4033],[-76.4977,3.4032],[-76.4978,3.4031],[-76.4979,3.403],[-76.498,3.403],[-76.4981,3.403],[-76.4981,3.4029],[-76.4982,3.4029],[-76.4982,3.4028],[-76.4983,3.4028],[-76.4984,3.4027],[-76.4985,3.4027],[-76.4985,3.4026],[-76.4986,3.4026],[-76.4986,3.4025],[-76.4987,3.4025],[-76.4987,3.4024],[-76.4988,3.4024],[-76.4989,3.4023],[-76.4989,3.4022],[-76.499,3.4022],[-76.499,3.4021],[-76.4991,3.4021],[-76.4991,3.402],[-76.4992,3.402],[-76.4992,3.4019],[-76.4992,3.4018],[-76.4993,3.4018],[-76.4993,3.4017],[-76.4994,3.4017],[-76.4994,3.4016],[-76.4995,3.4015],[-76.4995,3.4014],[-76.4995,3.4013],[-76.4996,3.4012],[-76.4997,3.4011],[-76.4997,3.401],[-76.4998,3.4009],[-76.4998,3.4008],[-76.4999,3.4008],[-76.4999,3.4007],[-76.4999,3.4006],[-76.5,3.4005],[-76.5,3.4004],[-76.5001,3.4003],[-76.5001,3.4002],[-76.5002,3.4001],[-76.5002,3.4],[-76.5003,3.3999],[-76.5004,3.3997],[-76.5005,3.3996],[-76.5005,3.3995],[-76.5005,3.3994],[-76.5006,3.3993],[-76.5007,3.3992],[-76.5007,3.3991],[-76.5008,3.399],[-76.5008,3.3989],[-76.5009,3.3988],[-76.5009,3.3987],[-76.501,3.3986],[-76.501,3.3985],[-76.5011,3.3985],[-76.5011,3.3984],[-76.5011,3.3983],[-76.5012,3.3982],[-76.5012,3.3981],[-76.5013,3.3981],[-76.5013,3.398],[-76.5013,3.3979],[-76.5014,3.3978],[-76.5015,3.3977],[-76.5015,3.3975],[-76.5016,3.3974],[-76.5017,3.3973],[-76.5017,3.3972],[-76.5017,3.3971],[-76.5018,3.3971],[-76.5018,3.397],[-76.5019,3.3969],[-76.5019,3.3968],[-76.502,3.3967],[-76.502,3.3966],[-76.5021,3.3965],[-76.5021,3.3964],[-76.5022,3.3963],[-76.5023,3.3961],[-76.5023,3.396],[-76.5024,3.396],[-76.5024,3.3959],[-76.5024,3.3958],[-76.5025,3.3956],[-76.5026,3.3955],[-76.5026,3.3954],[-76.5027,3.3954],[-76.5027,3.3953],[-76.5028,3.3952],[-76.5028,3.3951],[-76.5029,3.395],[-76.5029,3.3949],[-76.503,3.3947],[-76.503,3.3946],[-76.5031,3.3944],[-76.5032,3.3943],[-76.5032,3.3942],[-76.5033,3.3941],[-76.5034,3.394],[-76.5035,3.3938],[-76.5036,3.3936],[-76.5037,3.3935],[-76.5038,3.3935],[-76.5038,3.3934],[-76.504,3.3932],[-76.504,3.3931],[-76.5042,3.3929],[-76.5042,3.3928],[-76.5043,3.3928],[-76.5043,3.3927],[-76.5045,3.3924],[-76.5046,3.3923],[-76.5047,3.3921],[-76.5048,3.3921],[-76.5048,3.392],[-76.5049,3.392],[-76.5049,3.3919],[-76.505,3.3918],[-76.5051,3.3918],[-76.5051,3.3917],[-76.5052,3.3916],[-76.5053,3.3915],[-76.5054,3.3915],[-76.5054,3.3914],[-76.5057,3.3912],[-76.5057,3.3911],[-76.5059,3.3909],[-76.5061,3.3908],[-76.5063,3.3906],[-76.5064,3.3905],[-76.5065,3.3904],[-76.5067,3.3902],[-76.5068,3.3902],[-76.5069,3.3901],[-76.507,3.3899],[-76.5072,3.3898],[-76.5073,3.3897],[-76.5074,3.3896],[-76.5075,3.3895],[-76.5078,3.3893],[-76.5079,3.3892],[-76.5081,3.389],[-76.5082,3.3889],[-76.5082,3.3888],[-76.5083,3.3888],[-76.5084,3.3888],[-76.5085,3.3887],[-76.5087,3.3887],[-76.5088,3.3886],[-76.5089,3.3886],[-76.5091,3.3886],[-76.5092,3.3886],[-76.5092,3.3885],[-76.5093,3.3885],[-76.5094,3.3885],[-76.5095,3.3884],[-76.5096,3.3884],[-76.5099,3.3884],[-76.5099,3.3883],[-76.51,3.3883],[-76.51,3.3884],[-76.5104,3.3895],[-76.5104,3.3896],[-76.5105,3.3897],[-76.5106,3.3901],[-76.5109,3.3906],[-76.5112,3.3909],[-76.5114,3.3913],[-76.5126,3.3927],[-76.5127,3.3929],[-76.5132,3.3936],[-76.5133,3.3938],[-76.5137,3.3942],[-76.5146,3.3954],[-76.5154,3.3963],[-76.5156,3.3966],[-76.5158,3.3968],[-76.5162,3.3971],[-76.5153,3.3979],[-76.5152,3.3981],[-76.5151,3.3981],[-76.5146,3.3985],[-76.5137,3.3994],[-76.5136,3.3995],[-76.5133,3.3997],[-76.5123,3.4007],[-76.5116,3.4013],[-76.5112,3.4017],[-76.5111,3.4018],[-76.5109,3.402],[-76.5105,3.4023],[-76.5104,3.4025],[-76.5095,3.4032],[-76.5092,3.4035],[-76.5086,3.4041],[-76.5082,3.4045],[-76.5078,3.4048],[-76.5077,3.4049],[-76.5076,3.4049],[-76.5076,3.405],[-76.5075,3.4051],[-76.5069,3.4056],[-76.5062,3.4062],[-76.5058,3.4067],[-76.5055,3.4069],[-76.5049,3.4074],[-76.5043,3.408],[-76.5041,3.4082],[-76.5039,3.4084],[-76.5034,3.4089],[-76.5028,3.4093],[-76.5028,3.4094],[-76.5025,3.4096],[-76.5023,3.4099],[-76.5018,3.4103],[-76.5016,3.4105],[-76.5015,3.4106],[-76.501,3.4111],[-76.5007,3.4113],[-76.5006,3.4114],[-76.5005,3.4115],[-76.5003,3.4116],[-76.5001,3.4118],[-76.4999,3.412],[-76.4996,3.4123],[-76.4994,3.4125],[-76.4991,3.4128],[-76.4989,3.413],[-76.4987,3.4132],[-76.4985,3.4134],[-76.4982,3.4137],[-76.498,3.4139],[-76.4978,3.414],[-76.4977,3.4142],[-76.4976,3.4142],[-76.4975,3.4143],[-76.4974,3.4144],[-76.4972,3.4146],[-76.4968,3.4151],[-76.4954,3.4164],[-76.4953,3.4164],[-76.4953,3.4165],[-76.4952,3.4165],[-76.4952,3.4166],[-76.4951,3.4166],[-76.495,3.4166],[-76.495,3.4167],[-76.4949,3.4167],[-76.4948,3.4167],[-76.4947,3.4167],[-76.4944,3.4167],[-76.4943,3.4167],[-76.4942,3.4166],[-76.494,3.4166],[-76.4939,3.4166],[-76.4937,3.4166],[-76.4936,3.4166],[-76.4934,3.4167],[-76.4933,3.4167],[-76.4931,3.4169],[-76.493,3.4169],[-76.4929,3.4171],[-76.4928,3.4173],[-76.4927,3.4174],[-76.4925,3.4175],[-76.4924,3.4177],[-76.4922,3.4178],[-76.4919,3.418],[-76.4915,3.4182],[-76.4913,3.4183],[-76.491,3.4184],[-76.4909,3.4184],[-76.4908,3.4185],[-76.4906,3.4185],[-76.4905,3.4185],[-76.4904,3.4186],[-76.4902,3.4186],[-76.4901,3.4187],[-76.49,3.4188],[-76.4899,3.4189],[-76.4898,3.4189],[-76.4896,3.4191],[-76.4893,3.4192],[-76.4891,3.4193],[-76.4889,3.4194],[-76.4887,3.4195],[-76.4886,3.4195],[-76.4884,3.4195],[-76.4883,3.4195],[-76.4881,3.4194],[-76.4879,3.4193],[-76.4877,3.4191],[-76.4873,3.4188],[-76.4871,3.4187],[-76.4867,3.4184]]]]}},{"type":"Feature","properties":{"code":"16","name":"Comuna 16"},"geometry":{"type":"MultiPolygon","coordinates":[[[[-76.5112,3.3909],[-76.5109,3.3906],[-76.5106,3.3901],[-76.5105,3.3897],[-76.5104,3.3896],[-76.5104,3.3895],[-76.51,3.3884],[-76.51,3.3883],[-76.5101,3.3883],[-76.5101,3.3884],[-76.5102,3.3883],[-76.5102,3.3884],[-76.5103,3.3884],[-76.5104,3.3884],[-76.5105,3.3884],[-76.5106,3.3884],[-76.5107,3.3884],[-76.5107,3.3883],[-76.5108,3.3883],[-76.5109,3.3883],[-76.511,3.3883],[-76.5111,3.3883],[-76.5112,3.3883],[-76.5112,3.3882],[-76.5113,3.3882],[-76.5113,3.3881],[-76.5114,3.3881],[-76.5115,3.3882],[-76.5116,3.3882],[-76.5117,3.3882],[-76.5118,3.3883],[-76.5119,3.3884],[-76.512,3.3884],[-76.5121,3.3884],[-76.5122,3.3884],[-76.5122,3.3883],[-76.5122,3.3884],[-76.5123,3.3884],[-76.5124,3.3884],[-76.5124,3.3885],[-76.5125,3.3885],[-76.5125,3.3886],[-76.5126,3.3887],[-76.5127,3.3887],[-76.5127,3.3888],[-76.5128,3.3888],[-76.5129,3.3888],[-76.513,3.3889],[-76.5131,3.3889],[-76.5132,3.3889],[-76.5132,3.389],[-76.5133,3.389],[-76.5135,3.3891],[-76.5136,3.3891],[-76.5137,3.3892],[-76.5138,3.3893],[-76.5139,3.3894],[-76.5141,3.3895],[-76.5142,3.3895],[-76.5143,3.3895],[-76.5144,3.3895],[-76.5145,3.3895],[-76.5145,3.3896],[-76.5146,3.3896],[-76.5147,3.3897],[-76.5148,3.3897],[-76.5149,3.3897],[-76.5149,3.3896],[-76.5149,3.3895],[-76.515,3.3894],[-76.515,3.3893],[-76.5151,3.3892],[-76.5152,3.3891],[-76.5153,3.3891],[-76.5154,3.3891],[-76.5155,3.3891],[-76.5156,3.3891],[-76.5157,3.3892],[-76.5158,3.3892],[-76.5159,3.3892],[-76.516,3.3892],[-76.5161,3.3892],[-76.5163,3.3893],[-76.5164,3.3893],[-76.5164,3.3894],[-76.5166,3.3895],[-76.5168,3.3896],[-76.5169,3.3896],[-76.517,3.3896],[-76.5172,3.3896],[-76.5173,3.3896],[-76.5174,3.3896],[-76.5175,3.3897],[-76.5176,3.3897],[-76.5177,3.3897],[-76.5178,3.3898],[-76.5179,3.3898],[-76.5181,3.3898],[-76.5182,3.3899],[-76.5183,3.3899],[-76.5183,3.39],[-76.5184,3.3901],[-76.5185,3.3902],[-76.5186,3.3903],[-76.5186,3.3902],[-76.5187,3.3902],[-76.5188,3.3902],[-76.5189,3.3902],[-76.5189,3.3903],[-76.519,3.3903],[-76.5191,3.3902],[-76.5191,3.3901],[-76.5192,3.3901],[-76.5193,3.39],[-76.5194,3.39],[-76.5195,3.39],[-76.5196,3.39],[-76.5197,3.39],[-76.5198,3.3901],[-76.5199,3.3901],[-76.52,3.3901],[-76.5201,3.3902],[-76.5202,3.3902],[-76.5202,3.3903],[-76.5203,3.3903],[-76.5203,3.3904],[-76.5203,3.3905],[-76.5204,3.3905],[-76.5205,3.3906],[-76.5206,3.3907],[-76.5207,3.3907],[-76.5208,3.3907],[-76.5209,3.3907],[-76.5209,3.3906],[-76.521,3.3906],[-76.5211,3.3906],[-76.5212,3.3906],[-76.5212,3.3905],[-76.5213,3.3905],[-76.5214,3.3905],[-76.5215,3.3905],[-76.5215,3.3904],[-76.5216,3.3904],[-76.5216,3.3903],[-76.5217,3.3903],[-76.5218,3.3903],[-76.5219,3.3903],[-76.522,3.3903],[-76.5221,3.3903],[-76.5221,3.3902],[-76.5222,3.3902],[-76.5222,3.3901],[-76.5223,3.39],[-76.5224,3.39],[-76.5224,3.3899],[-76.5225,3.3899],[-76.5226,3.3898],[-76.5227,3.3897],[-76.5228,3.3897],[-76.5229,3.3896],[-76.523,3.3896],[-76.523,3.3895],[-76.5231,3.3895],[-76.5231,3.3894],[-76.5232,3.3894],[-76.5232,3.3893],[-76.5232,3.3892],[-76.5232,3.3891],[-76.5232,3.389],[-76.5231,3.389],[-76.5231,3.3889],[-76.5232,3.3889],[-76.5232,3.3888],[-76.5233,3.3887],[-76.5233,3.3886],[-76.5233,3.3885],[-76.5234,3.3885],[-76.5235,3.3885],[-76.5235,3.3886],[-76.5236,3.3886],[-76.5237,3.3886],[-76.5238,3.3886],[-76.5238,3.3885],[-76.5239,3.3885],[-76.5239,3.3884],[-76.5239,3.3883],[-76.5238,3.3883],[-76.5238,3.3882],[-76.5237,3.3882],[-76.5237,3.3881],[-76.5236,3.3881],[-76.5236,3.388],[-76.5235,3.388],[-76.5235,3.3879],[-76.5235,3.3878],[-76.5234,3.3877],[-76.5233,3.3876],[-76.5234,3.3876],[-76.5234,3.3875],[-76.5235,3.3875],[-76.5236,3.3875],[-76.5237,3.3875],[-76.5238,3.3875],[-76.5239,3.3875],[-76.5239,3.3874],[-76.524,3.3874],[-76.5241,3.3873],[-76.5242,3.3873],[-76.5243,3.3873],[-76.5244,3.3873],[-76.5245,3.3873],[-76.5246,3.3873],[-76.5246,3.3872],[-76.5244,3.3888],[-76.5242,3.3903],[-76.524,3.3924],[-76.524,3.3925],[-76.5238,3.3946],[-76.5237,3.3954],[-76.5237,3.3962],[-76.5237,3.3963],[-76.5237,3.3964],[-76.5237,3.3969],[-76.5237,3.3971],[-76.5235,3.3985],[-76.5235,3.3986],[-76.5235,3.3989],[-76.5233,3.4],[-76.5232,3.4001],[-76.523,3.4018],[-76.523,3.4019],[-76.523,3.4021],[-76.5229,3.4022],[-76.5228,3.4023],[-76.5227,3.4025],[-76.5226,3.4026],[-76.5225,3.4027],[-76.5224,3.4028],[-76.5224,3.4029],[-76.5223,3.4029],[-76.5223,3.403],[-76.5222,3.4031],[-76.5222,3.4032],[-76.5222,3.4033],[-76.5221,3.4035],[-76.5221,3.4036],[-76.5221,3.4037],[-76.5221,3.4038],[-76.522,3.404],[-76.522,3.4043],[-76.5219,3.4046],[-76.5219,3.4047],[-76.5218,3.4049],[-76.5218,3.4052],[-76.5218,3.4055],[-76.5217,3.406],[-76.5217,3.4062],[-76.5216,3.4064],[-76.5208,3.4072],[-76.5194,3.4086],[-76.5184,3.4095],[-76.5183,3.4096],[-76.5182,3.4097],[-76.5178,3.4101],[-76.5162,3.4117],[-76.5151,3.4127],[-76.514,3.4137],[-76.5138,3.4139],[-76.5126,3.4151],[-76.5117,3.416],[-76.5116,3.4161],[-76.5101,3.4175],[-76.5095,3.418],[-76.5089,3.4187],[-76.5081,3.4193],[-76.508,3.4194],[-76.508,3.4195],[-76.5079,3.4195],[-76.5073,3.4202],[-76.507,3.4205],[-76.5069,3.4206],[-76.5067,3.4208],[-76.5065,3.4209],[-76.5065,3.4208],[-76.5063,3.4206],[-76.5057,3.42],[-76.5055,3.4198],[-76.5054,3.4197],[-76.5054,3.4196],[-76.5051,3.4193],[-76.5049,3.4192],[-76.5045,3.4187],[-76.5044,3.4186],[-76.5042,3.4184],[-76.5041,3.4183],[-76.504,3.4182],[-76.5037,3.4179],[-76.5035,3.4177],[-76.5034,3.4176],[-76.5033,3.4175],[-76.5031,3.4173],[-76.5031,3.4172],[-76.503,3.4172],[-76.5032,3.417],[-76.5037,3.4166],[-76.5038,3.4165],[-76.5039,3.4164],[-76.5041,3.4162],[-76.5044,3.4159],[-76.5046,3.4158],[-76.5045,3.4157],[-76.5045,3.4156],[-76.5041,3.4153],[-76.504,3.4152],[-76.5039,3.415],[-76.5038,3.4149],[-76.5037,3.4149],[-76.5036,3.4147],[-76.5034,3.4146],[-76.5033,3.4144],[-76.503,3.4141],[-76.5029,3.414],[-76.5026,3.4137],[-76.5021,3.4132],[-76.502,3.4131],[-76.5019,3.413],[-76.5018,3.4129],[-76.5018,3.4128],[-76.5017,3.4128],[-76.5017,3.4127],[-76.5015,3.4125],[-76.5014,3.4124],[-76.5012,3.4122],[-76.501,3.412],[-76.5006,3.4116],[-76.5006,3.4115],[-76.5005,3.4115],[-76.5006,3.4114],[-76.5007,3.4113],[-76.501,3.4111],[-76.5015,3.4106],[-76.5016,3.4105],[-76.5018,3.4103],[-76.5023,3.4099],[-76.5025,3.4096],[-76.5028,3.4094],[-76.5028,3.4093],[-76.5034,3.4089],[-76.5039,3.4084],[-76.5041,3.4082],[-76.5043,3.408],[-76.5049,3.4074],[-76.5055,3.4069],[-76.5058,3.4067],[-76.5062,3.4062],[-76.5069,3.4056],[-76.5075,3.4051],[-76.5076,3.405],[-76.5076,3.4049],[-76.5077,3.4049],[-76.5078,3.4048],[-76.5082,3.4045],[-76.5086,3.4041],[-76.5092,3.4035],[-76.5095,3.4032],[-76.5104,3.4025],[-76.5105,3.4023],[-76.5109,3.402],[-76.5111,3.4018],[-76.5112,3.4017],[-76.5116,3.4013],[-76.5123,3.4007],[-76.5133,3.3997],[-76.5136,3.3995],[-76.5137,3.3994],[-76.5146,3.3985],[-76.5151,3.3981],[-76.5152,3.3981],[-76.5153,3.3979],[-76.5162,3.3971],[-76.5158,3.3968],[-76.5156,3.3966],[-76.5154,3.3963],[-76.5146,3.3954],[-76.5137,3.3942],[-76.5133,3.3938],[-76.5132,3.3936],[-76.5127,3.3929],[-76.5126,3.3927],[-76.5114,3.3913],[-76.5112,3.3909]]]]}},{"type":"Feature","properties":{"code":"17","name":"Comuna 17"},"geometry":{"type":"MultiPolygon","coordinates":[[[[-76.5226,3.4053],[-76.5226,3.4051],[-76.5224,3.4049],[-76.5224,3.4046],[-76.5223,3.4043],[-76.5223,3.404],[-76.5222,3.4037],[-76.5221,3.4036],[-76.5221,3.4035],[-76.5222,3.4033],[-76.5222,3.4032],[-76.5222,3.4031],[-76.5223,3.403],[-76.5223,3.4029],[-76.5224,3.4029],[-76.5224,3.4028],[-76.5225,3.4027],[-76.5226,3.4026],[-76.5227,3.4025],[-76.5228,3.4023],[-76.5229,3.4022],[-76.523,3.4021],[-76.523,3.4019],[-76.523,3.4018],[-76.5232,3.4001],[-76.5233,3.4],[-76.5235,3.3989],[-76.5235,3.3986],[-76.5235,3.3985],[-76.5237,3.3971],[-76.5237,3.3969],[-76.5237,3.3964],[-76.5237,3.3963],[-76.5237,3.3962],[-76.5237,3.3954],[-76.5238,3.3946],[-76.524,3.3925],[-76.524,3.3924],[-76.5242,3.3903],[-76.5244,3.3888],[-76.5246,3.3872],[-76.5246,3.3873],[-76.5245,3.3873],[-76.5244,3.3873],[-76.5243,3.3873],[-76.5242,3.3873],[-76.5241,3.3873],[-76.524,3.3874],[-76.5239,3.3874],[-76.5239,3.3875],[-76.5238,3.3875],[-76.5237,3.3875],[-76.5236,3.3875],[-76.5235,3.3875],[-76.5234,3.3875],[-76.5234,3.3876],[-76.5233,3.3876],[-76.5234,3.3877],[-76.5235,3.3878],[-76.5235,3.3879],[-76.5235,3.388],[-76.5236,3.388],[-76.5236,3.3881],[-76.5237,3.3881],[-76.5237,3.3882],[-76.5238,3.3882],[-76.5238,3.3883],[-76.5239,3.3883],[-76.5239,3.3884],[-76.5239,3.3885],[-76.5238,3.3885],[-76.5238,3.3886],[-76.5237,3.3886],[-76.5236,3.3886],[-76.5235,3.3886],[-76.5235,3.3885],[-76.5234,3.3885],[-76.5233,3.3885],[-76.5233,3.3886],[-76.5233,3.3887],[-76.5232,3.3888],[-76.5232,3.3889],[-76.5231,3.3889],[-76.5231,3.389],[-76.5232,3.389],[-76.5232,3.3891],[-76.5232,3.3892],[-76.5232,3.3893],[-76.5232,3.3894],[-76.5231,3.3894],[-76.5231,3.3895],[-76.523,3.3895],[-76.523,3.3896],[-76.5229,3.3896],[-76.5228,3.3897],[-76.5227,3.3897],[-76.5226,3.3898],[-76.5225,3.3899],[-76.5224,3.3899],[-76.5224,3.39],[-76.5223,3.39],[-76.5222,3.3901],[-76.5222,3.3902],[-76.5221,3.3902],[-76.5221,3.3903],[-76.522,3.3903],[-76.5219,3.3903],[-76.5218,3.3903],[-76.5217,3.3903],[-76.5216,3.3903],[-76.5216,3.3904],[-76.5215,3.3904],[-76.5215,3.3905],[-76.5214,3.3905],[-76.5213,3.3905],[-76.5212,3.3905],[-76.5212,3.3906],[-76.5211,3.3906],[-76.521,3.3906],[-76.5209,3.3906],[-76.5209,3.3907],[-76.5208,3.3907],[-76.5207,3.3907],[-76.5206,3.3907],[-76.5205,3.3906],[-76.5204,3.3905],[-76.5203,3.3905],[-76.5203,3.3904],[-76.5203,3.3903],[-76.5202,3.3903],[-76.5202,3.3902],[-76.5201,3.3902],[-76.52,3.3901],[-76.5199,3.3901],[-76.5198,3.3901],[-76.5197,3.39],[-76.5196,3.39],[-76.5195,3.39],[-76.5194,3.39],[-76.5193,3.39],[-76.5192,3.3901],[-76.5191,3.3901],[-76.5191,3.3902],[-76.519,3.3903],[-76.5189,3.3903],[-76.5189,3.3902],[-76.5188,3.3902],[-76.5187,3.3902],[-76.5186,3.3902],[-76.5186,3.3903],[-76.5185,3.3902],[-76.5184,3.3901],[-76.5183,3.39],[-76.5183,3.3899],[-76.5182,3.3899],[-76.5181,3.3898],[-76.5179,3.3898],[-76.5178,3.3898],[-76.5177,3.3897],[-76.5176,3.3897],[-76.5175,3.3897],[-76.5174,3.3896],[-76.5173,3.3896],[-76.5172,3.3896],[-76.517,3.3896],[-76.5169,3.3896],[-76.5168,3.3896],[-76.5166,3.3895],[-76.5164,3.3894],[-76.5164,3.3893],[-76.5163,3.3893],[-76.5161,3.3892],[-76.516,3.3892],[-76.5159,3.3892],[-76.5158,3.3892],[-76.5157,3.3892],[-76.5156,3.3891],[-76.5155,3.3891],[-76.5154,3.3891],[-76.5153,3.3891],[-76.5152,3.3891],[-76.5151,3.3892],[-76.515,3.3893],[-76.515,3.3894],[-76.5149,3.3895],[-76.5149,3.3896],[-76.5149,3.3897],[-76.5148,3.3897],[-76.5147,3.3897],[-76.5146,3.3896],[-76.5145,3.3896],[-76.5145,3.3895],[-76.5144,3.3895],[-76.5143,3.3895],[-76.5142,3.3895],[-76.5141,3.3895],[-76.5139,3.3894],[-76.5138,3.3893],[-76.5137,3.3892],[-76.5136,3.3891],[-76.5135,3.3891],[-76.5133,3.389],[-76.5132,3.389],[-76.5132,3.3889],[-76.5131,3.3889],[-76.513,3.3889],[-76.5131,3.3888],[-76.5131,3.3886],[-76.5133,3.3881],[-76.5133,3.388],[-76.5134,3.388],[-76.5134,3.3879],[-76.5135,3.3875],[-76.5136,3.3872],[-76.5137,3.387],[-76.5138,3.3867],[-76.5139,3.3863],[-76.514,3.3861],[-76.514,3.3859],[-76.514,3.3858],[-76.514,3.3856],[-76.514,3.3852],[-76.514,3.3847],[-76.514,3.3846],[-76.5141,3.3844],[-76.5141,3.3842],[-76.5141,3.3832],[-76.5141,3.3829],[-76.5141,3.3827],[-76.5142,3.3814],[-76.5142,3.3812],[-76.5142,3.3811],[-76.5142,3.381],[-76.5142,3.3809],[-76.5142,3.3808],[-76.5142,3.3807],[-76.5142,3.3806],[-76.5142,3.3805],[-76.5143,3.3805],[-76.5143,3.3804],[-76.5143,3.3803],[-76.5143,3.3802],[-76.5143,3.3801],[-76.5143,3.3799],[-76.5143,3.3798],[-76.5143,3.3792],[-76.5143,3.3788],[-76.5143,3.3787],[-76.5143,3.3781],[-76.5143,3.3777],[-76.5143,3.3774],[-76.5143,3.3773],[-76.5143,3.3768],[-76.5143,3.3765],[-76.5143,3.3758],[-76.5143,3.3757],[-76.5143,3.3748],[-76.5143,3.3742],[-76.5143,3.3736],[-76.5143,3.3732],[-76.5143,3.3729],[-76.5143,3.3724],[-76.5143,3.3718],[-76.5142,3.3712],[-76.5142,3.3709],[-76.5143,3.3703],[-76.5143,3.3701],[-76.5143,3.3689],[-76.5143,3.3686],[-76.5143,3.3676],[-76.5143,3.3673],[-76.5143,3.3672],[-76.5143,3.3663],[-76.5143,3.366],[-76.5142,3.3651],[-76.5142,3.3649],[-76.5142,3.3647],[-76.5143,3.3633],[-76.5143,3.3629],[-76.5143,3.363],[-76.5144,3.3631],[-76.5145,3.3631],[-76.5146,3.3631],[-76.5147,3.3631],[-76.5149,3.3631],[-76.515,3.363],[-76.5151,3.363],[-76.5151,3.3629],[-76.5152,3.3629],[-76.5152,3.3628],[-76.5153,3.3627],[-76.5154,3.3626],[-76.5155,3.3626],[-76.5155,3.3627],[-76.5155,3.3628],[-76.5156,3.3628],[-76.5156,3.3629],[-76.5157,3.3629],[-76.5157,3.363],[-76.5156,3.363],[-76.5155,3.3631],[-76.5155,3.3632],[-76.5155,3.3633],[-76.5156,3.3633],[-76.5157,3.3633],[-76.5157,3.3634],[-76.5157,3.3635],[-76.5158,3.3635],[-76.5158,3.3636],[-76.5158,3.3637],[-76.5159,3.3637],[-76.5159,3.3638],[-76.516,3.3638],[-76.516,3.3639],[-76.5161,3.3639],[-76.5161,3.364],[-76.5162,3.364],[-76.5162,3.3641],[-76.5163,3.3641],[-76.5163,3.3642],[-76.5164,3.3643],[-76.5167,3.3643],[-76.5168,3.3643],[-76.5168,3.3642],[-76.5169,3.3642],[-76.5169,3.3641],[-76.5169,3.364],[-76.5169,3.3639],[-76.5168,3.3639],[-76.5168,3.3638],[-76.5167,3.3637],[-76.5167,3.3636],[-76.5168,3.3635],[-76.5169,3.3635],[-76.517,3.3635],[-76.5171,3.3635],[-76.5172,3.3635],[-76.5172,3.3634],[-76.5173,3.3634],[-76.5174,3.3634],[-76.5174,3.3635],[-76.5174,3.3636],[-76.5174,3.3637],[-76.5174,3.3638],[-76.5174,3.3639],[-76.5174,3.364],[-76.5175,3.364],[-76.5176,3.364],[-76.5176,3.3641],[-76.5177,3.3642],[-76.5177,3.3643],[-76.5178,3.3643],[-76.5178,3.3644],[-76.5179,3.3644],[-76.518,3.3644],[-76.518,3.3643],[-76.518,3.3642],[-76.5181,3.3642],[-76.5181,3.3641],[-76.5182,3.364],[-76.5182,3.3639],[-76.5182,3.3638],[-76.5183,3.3637],[-76.5183,3.3636],[-76.5183,3.3635],[-76.5183,3.3634],[-76.5184,3.3634],[-76.5185,3.3634],[-76.5185,3.3633],[-76.5186,3.3633],[-76.5187,3.3633],[-76.5187,3.3632],[-76.5188,3.3632],[-76.5189,3.3632],[-76.519,3.3631],[-76.5191,3.3631],[-76.5192,3.363],[-76.5193,3.363],[-76.5193,3.3629],[-76.5194,3.3629],[-76.5195,3.363],[-76.5195,3.3631],[-76.5195,3.3632],[-76.5196,3.3632],[-76.5196,3.3633],[-76.5197,3.3633],[-76.5198,3.3634],[-76.5198,3.3633],[-76.5199,3.3633],[-76.52,3.3633],[-76.5201,3.3633],[-76.5202,3.3634],[-76.5203,3.3634],[-76.5203,3.3635],[-76.5204,3.3635],[-76.5204,3.3636],[-76.5205,3.3636],[-76.5205,3.3637],[-76.5206,3.3637],[-76.5206,3.3638],[-76.5207,3.3638],[-76.5208,3.3639],[-76.5209,3.3639],[-76.521,3.3639],[-76.5211,3.3639],[-76.5212,3.3639],[-76.5213,3.3639],[-76.5214,3.3639],[-76.5215,3.3638],[-76.5216,3.3638],[-76.5217,3.3638],[-76.5217,3.3637],[-76.5218,3.3637],[-76.5219,3.3637],[-76.522,3.3636],[-76.5221,3.3636],[-76.5222,3.3636],[-76.5222,3.3635],[-76.5223,3.3635],[-76.5224,3.3635],[-76.5225,3.3635],[-76.5227,3.3635],[-76.5228,3.3635],[-76.5229,3.3634],[-76.523,3.3634],[-76.5231,3.3634],[-76.5231,3.3633],[-76.5232,3.3633],[-76.5232,3.3632],[-76.5233,3.3632],[-76.5233,3.3631],[-76.5234,3.3631],[-76.5234,3.363],[-76.5235,3.3629],[-76.5235,3.3628],[-76.5236,3.3627],[-76.5237,3.3626],[-76.5238,3.3625],[-76.5239,3.3623],[-76.524,3.3623],[-76.524,3.3622],[-76.524,3.3621],[-76.5241,3.3621],[-76.5242,3.3621],[-76.5243,3.3621],[-76.5243,3.3623],[-76.5243,3.3624],[-76.5244,3.3628],[-76.5244,3.363],[-76.5245,3.3632],[-76.5245,3.3635],[-76.5246,3.3638],[-76.5246,3.3639],[-76.5247,3.364],[-76.5248,3.3642],[-76.525,3.3645],[-76.5252,3.3647],[-76.5252,3.3648],[-76.5253,3.3649],[-76.5254,3.365],[-76.5255,3.3651],[-76.5257,3.3652],[-76.5257,3.3653],[-76.5258,3.3653],[-76.526,3.3654],[-76.526,3.3655],[-76.5261,3.3655],[-76.5265,3.3658],[-76.5269,3.366],[-76.527,3.366],[-76.5278,3.3663],[-76.5285,3.3667],[-76.5292,3.367],[-76.5297,3.3673],[-76.5298,3.3674],[-76.5303,3.3676],[-76.5309,3.3679],[-76.5315,3.3682],[-76.5338,3.3694],[-76.5359,3.3705],[-76.5367,3.3708],[-76.5371,3.371],[-76.5375,3.3712],[-76.5379,3.3715],[-76.5386,3.3718],[-76.5396,3.3724],[-76.5403,3.3727],[-76.5405,3.3728],[-76.5409,3.3731],[-76.5412,3.3732],[-76.5414,3.3734],[-76.5417,3.3736],[-76.5418,3.3739],[-76.5419,3.3741],[-76.542,3.3742],[-76.5421,3.3744],[-76.5422,3.3746],[-76.5423,3.3751],[-76.5424,3.3755],[-76.5424,3.3757],[-76.5425,3.3759],[-76.5426,3.3767],[-76.5427,3.377],[-76.5429,3.3779],[-76.543,3.3784],[-76.5431,3.3786],[-76.5432,3.3791],[-76.5433,3.3796],[-76.5434,3.3797],[-76.5434,3.3799],[-76.5435,3.3801],[-76.5436,3.3807],[-76.5438,3.3815],[-76.5439,3.382],[-76.544,3.3823],[-76.5441,3.3826],[-76.5441,3.3829],[-76.5442,3.3832],[-76.5443,3.3838],[-76.5443,3.3839],[-76.5444,3.3843],[-76.5445,3.3854],[-76.5446,3.3859],[-76.5447,3.3861],[-76.5449,3.3877],[-76.545,3.3882],[-76.5451,3.389],[-76.5452,3.3897],[-76.5453,3.3905],[-76.5454,3.3909],[-76.5456,3.3921],[-76.5456,3.3923],[-76.5457,3.3928],[-76.5458,3.3933],[-76.5458,3.3937],[-76.5459,3.3943],[-76.546,3.3944],[-76.546,3.3946],[-76.546,3.395],[-76.5461,3.3954],[-76.5462,3.3958],[-76.5463,3.3963],[-76.5464,3.397],[-76.5464,3.3971],[-76.5464,3.3973],[-76.5464,3.3975],[-76.5464,3.3983],[-76.5464,3.3994],[-76.5464,3.4004],[-76.5458,3.4004],[-76.5452,3.4005],[-76.5451,3.4005],[-76.5439,3.4007],[-76.5431,3.4008],[-76.5423,3.4009],[-76.5418,3.401],[-76.5417,3.401],[-76.5417,3.4011],[-76.5416,3.4013],[-76.5416,3.4015],[-76.5414,3.4021],[-76.5412,3.4027],[-76.541,3.4033],[-76.5407,3.4042],[-76.5405,3.4048],[-76.5404,3.4052],[-76.5402,3.4056],[-76.5402,3.4057],[-76.5401,3.4061],[-76.5398,3.407],[-76.5398,3.4071],[-76.5396,3.4076],[-76.5393,3.4084],[-76.5391,3.4092],[-76.539,3.4093],[-76.5387,3.4103],[-76.5384,3.4102],[-76.5378,3.41],[-76.5374,3.4099],[-76.537,3.4097],[-76.5365,3.4095],[-76.5364,3.4095],[-76.5354,3.4092],[-76.5346,3.4089],[-76.5344,3.4089],[-76.5343,3.4088],[-76.5335,3.4086],[-76.5331,3.4084],[-76.5325,3.4083],[-76.5319,3.4081],[-76.5317,3.408],[-76.5316,3.408],[-76.5309,3.4078],[-76.5304,3.4076],[-76.5303,3.4076],[-76.5302,3.4075],[-76.5292,3.4072],[-76.5286,3.407],[-76.5285,3.407],[-76.5278,3.4067],[-76.5271,3.4065],[-76.527,3.4064],[-76.5269,3.4064],[-76.5268,3.4064],[-76.5261,3.4062],[-76.5254,3.4059],[-76.525,3.4058],[-76.5246,3.4057],[-76.5243,3.4057],[-76.5226,3.4055],[-76.5226,3.4053]]]]}},{"type":"Feature","properties":{"code":"18","name":"Comuna 18"},"geometry":{"type":"MultiPolygon","coordinates":[[[[-76.5461,3.3954],[-76.546,3.395],[-76.546,3.3946],[-76.546,3.3944],[-76.5459,3.3943],[-76.5458,3.3937],[-76.5458,3.3933],[-76.5457,3.3928],[-76.5456,3.3923],[-76.5456,3.3921],[-76.5454,3.3909],[-76.5453,3.3905],[-76.5452,3.3897],[-76.5451,3.389],[-76.545,3.3882],[-76.5449,3.3877],[-76.5447,3.3861],[-76.5446,3.3859],[-76.5445,3.3854],[-76.5444,3.3843],[-76.5443,3.3839],[-76.5443,3.3838],[-76.5442,3.3832],[-76.5441,3.3829],[-76.5441,3.3826],[-76.544,3.3823],[-76.5439,3.382],[-76.5438,3.3815],[-76.5436,3.3807],[-76.5435,3.3801],[-76.5434,3.3799],[-76.5434,3.3797],[-76.5433,3.3796],[-76.5432,3.3791],[-76.5431,3.3786],[-76.543,3.3784],[-76.5429,3.3779],[-76.5427,3.377],[-76.5426,3.3767],[-76.5425,3.3759],[-76.5424,3.3757],[-76.5424,3.3755],[-76.5424,3.3754],[-76.5425,3.3754],[-76.5426,3.3753],[-76.5427,3.3752],[-76.5427,3.3751],[-76.5427,3.375],[-76.5428,3.3749],[-76.5428,3.3748],[-76.5429,3.3748],[-76.5429,3.3747],[-76.543,3.3747],[-76.5431,3.3747],[-76.5432,3.3748],[-76.5433,3.3748],[-76.5434,3.3748],[-76.5435,3.3749],[-76.5437,3.3749],[-76.5438,3.3749],[-76.5439,3.3749],[-76.544,3.3749],[-76.544,3.3748],[-76.5441,3.3747],[-76.5442,3.3746],[-76.5443,3.3746],[-76.5443,3.3745],[-76.5443,3.3744],[-76.5444,3.3744],[-76.5444,3.3743],[-76.5445,3.3743],[-76.5445,3.3742],[-76.5444,3.3741],[-76.5444,3.374],[-76.5443,3.374],[-76.5443,3.3739],[-76.5443,3.3738],[-76.5444,3.3738],[-76.5444,3.3737],[-76.5445,3.3737],[-76.5446,3.3737],[-76.5447,3.3737],[-76.5448,3.3738],[-76.5449,3.3738],[-76.545,3.3738],[-76.545,3.3737],[-76.5451,3.3737],[-76.5451,3.3736],[-76.5452,3.3735],[-76.5451,3.3734],[-76.5451,3.3733],[-76.5451,3.3732],[-76.5452,3.3731],[-76.5452,3.373],[-76.5452,3.3729],[-76.5452,3.3728],[-76.5452,3.3727],[-76.5452,3.3726],[-76.5452,3.3725],[-76.5451,3.3725],[-76.5451,3.3724],[-76.5451,3.3723],[-76.545,3.3722],[-76.545,3.3721],[-76.5449,3.372],[-76.5448,3.3719],[-76.5447,3.3719],[-76.5446,3.3718],[-76.5445,3.3718],[-76.5445,3.3717],[-76.5444,3.3717],[-76.5443,3.3717],[-76.5442,3.3716],[-76.5441,3.3716],[-76.5441,3.3715],[-76.5441,3.3714],[-76.5442,3.3714],[-76.5443,3.3713],[-76.5444,3.3713],[-76.5445,3.3713],[-76.5446,3.3712],[-76.5448,3.3711],[-76.5449,3.3711],[-76.545,3.3711],[-76.5451,3.371],[-76.5452,3.371],[-76.5453,3.371],[-76.5454,3.371],[-76.5455,3.371],[-76.5456,3.3709],[-76.5456,3.3708],[-76.5458,3.3708],[-76.5459,3.3707],[-76.546,3.3707],[-76.5462,3.3706],[-76.5463,3.3706],[-76.5464,3.3705],[-76.5465,3.3705],[-76.5466,3.3705],[-76.5466,3.3706],[-76.5467,3.3706],[-76.5468,3.3706],[-76.5469,3.3706],[-76.5469,3.3707],[-76.547,3.3707],[-76.5471,3.3707],[-76.5471,3.3708],[-76.5472,3.3708],[-76.5473,3.3709],[-76.5474,3.371],[-76.5474,3.3711],[-76.5475,3.3712],[-76.5476,3.3712],[-76.5477,3.3712],[-76.5478,3.3711],[-76.5479,3.3711],[-76.548,3.3711],[-76.5481,3.3711],[-76.5481,3.371],[-76.548,3.371],[-76.548,3.3709],[-76.5479,3.3708],[-76.5478,3.3707],[-76.5477,3.3706],[-76.5476,3.3705],[-76.5475,3.3704],[-76.5475,3.3703],[-76.5475,3.3702],[-76.5476,3.3702],[-76.5476,3.3701],[-76.5477,3.3701],[-76.5478,3.3702],[-76.5479,3.3702],[-76.548,3.3703],[-76.5481,3.3703],[-76.5481,3.3704],[-76.5482,3.3704],[-76.5483,3.3704],[-76.5483,3.3705],[-76.5484,3.3705],[-76.5484,3.3706],[-76.5485,3.3706],[-76.5485,3.3707],[-76.5486,3.3708],[-76.5487,3.3708],[-76.5487,3.3709],[-76.5488,3.3709],[-76.5489,3.3708],[-76.549,3.3708],[-76.549,3.3707],[-76.549,3.3706],[-76.549,3.3705],[-76.5491,3.3705],[-76.5491,3.3704],[-76.5491,3.3703],[-76.5491,3.3702],[-76.5491,3.3701],[-76.5491,3.37],[-76.5491,3.3699],[-76.5491,3.3698],[-76.549,3.3698],[-76.549,3.3697],[-76.549,3.3696],[-76.5491,3.3695],[-76.5491,3.3694],[-76.5491,3.3693],[-76.5492,3.3693],[-76.5492,3.3692],[-76.5493,3.3692],[-76.5493,3.3691],[-76.5493,3.369],[-76.5493,3.3689],[-76.5494,3.3689],[-76.5494,3.3688],[-76.5494,3.3687],[-76.5495,3.3687],[-76.5495,3.3686],[-76.5495,3.3685],[-76.5495,3.3684],[-76.5495,3.3683],[-76.5496,3.3683],[-76.5496,3.3682],[-76.5497,3.3681],[-76.5497,3.368],[-76.5497,3.3679],[-76.5498,3.3678],[-76.5499,3.3678],[-76.55,3.3678],[-76.55,3.3677],[-76.5501,3.3677],[-76.5502,3.3677],[-76.5502,3.3676],[-76.5502,3.3675],[-76.5503,3.3675],[-76.5504,3.3674],[-76.5505,3.3674],[-76.5505,3.3673],[-76.5506,3.3672],[-76.5506,3.3671],[-76.5506,3.367],[-76.5507,3.367],[-76.5507,3.3669],[-76.5507,3.3668],[-76.5508,3.3668],[-76.5508,3.3667],[-76.5508,3.3666],[-76.5508,3.3665],[-76.5509,3.3665],[-76.5509,3.3664],[-76.551,3.3664],[-76.551,3.3663],[-76.5511,3.3663],[-76.5512,3.3664],[-76.5513,3.3664],[-76.5514,3.3664],[-76.5515,3.3665],[-76.5516,3.3665],[-76.5516,3.3666],[-76.5517,3.3666],[-76.5518,3.3666],[-76.5518,3.3667],[-76.5519,3.3667],[-76.552,3.3668],[-76.5521,3.3668],[-76.5522,3.3668],[-76.5523,3.3669],[-76.5524,3.3669],[-76.5525,3.3669],[-76.5526,3.3669],[-76.5527,3.367],[-76.5528,3.367],[-76.5529,3.367],[-76.553,3.367],[-76.553,3.3671],[-76.5531,3.3671],[-76.5532,3.3671],[-76.5533,3.3672],[-76.5534,3.3672],[-76.5534,3.3673],[-76.5535,3.3673],[-76.5536,3.3673],[-76.5537,3.3673],[-76.5538,3.3673],[-76.5539,3.3673],[-76.554,3.3673],[-76.5541,3.3674],[-76.5542,3.3675],[-76.5543,3.3675],[-76.5544,3.3675],[-76.5544,3.3676],[-76.5545,3.3676],[-76.5545,3.3677],[-76.5545,3.3678],[-76.5546,3.3678],[-76.5546,3.3679],[-76.5547,3.3679],[-76.5547,3.368],[-76.5548,3.368],[-76.5549,3.368],[-76.5549,3.3681],[-76.555,3.3681],[-76.5551,3.368],[-76.5552,3.368],[-76.5553,3.3679],[-76.5554,3.3679],[-76.5554,3.3678],[-76.5555,3.3677],[-76.5555,3.3676],[-76.5556,3.3676],[-76.5556,3.3675],[-76.5557,3.3675],[-76.5558,3.3675],[-76.5559,3.3675],[-76.556,3.3675],[-76.5561,3.3676],[-76.5562,3.3676],[-76.5563,3.3676],[-76.5564,3.3676],[-76.5565,3.3676],[-76.5566,3.3676],[-76.5567,3.3676],[-76.5568,3.3676],[-76.5569,3.3676],[-76.557,3.3676],[-76.557,3.3675],[-76.5571,3.3675],[-76.5572,3.3675],[-76.5573,3.3675],[-76.5574,3.3675],[-76.5575,3.3675],[-76.5576,3.3675],[-76.5576,3.3674],[-76.5577,3.3674],[-76.5578,3.3674],[-76.5579,3.3674],[-76.558,3.3674],[-76.5581,3.3674],[-76.5582,3.3674],[-76.5582,3.3675],[-76.5583,3.3676],[-76.5584,3.3676],[-76.5584,3.3677],[-76.5585,3.3677],[-76.5585,3.3678],[-76.5586,3.3678],[-76.5587,3.3679],[-76.5588,3.3679],[-76.5589,3.3679],[-76.5589,3.368],[-76.559,3.368],[-76.5591,3.368],[-76.5592,3.3681],[-76.5593,3.3682],[-76.5593,3.3683],[-76.5593,3.3684],[-76.5593,3.3685],[-76.5592,3.3685],[-76.5592,3.3686],[-76.5592,3.3687],[-76.5592,3.3688],[-76.5592,3.3689],[-76.5591,3.3689],[-76.5591,3.369],[-76.5591,3.3691],[-76.5591,3.3692],[-76.5592,3.3692],[-76.5592,3.3693],[-76.5592,3.3694],[-76.5592,3.3695],[-76.5592,3.3696],[-76.5592,3.3697],[-76.5592,3.3698],[-76.5593,3.3698],[-76.5593,3.3699],[-76.5594,3.3699],[-76.5595,3.37],[-76.5596,3.37],[-76.5597,3.37],[-76.5598,3.37],[-76.5599,3.37],[-76.56,3.37],[-76.56,3.3699],[-76.5601,3.3699],[-76.5601,3.3698],[-76.5602,3.3698],[-76.5602,3.3697],[-76.5602,3.3696],[-76.5602,3.3695],[-76.5603,3.3695],[-76.5604,3.3695],[-76.5605,3.3695],[-76.5605,3.3696],[-76.5606,3.3697],[-76.5606,3.3698],[-76.5607,3.3699],[-76.5607,3.37],[-76.5608,3.3701],[-76.5608,3.3702],[-76.5609,3.3702],[-76.5609,3.3703],[-76.561,3.3703],[-76.561,3.3704],[-76.5611,3.3704],[-76.5612,3.3705],[-76.5613,3.3706],[-76.5614,3.3706],[-76.5615,3.3707],[-76.5616,3.3707],[-76.5617,3.3708],[-76.5618,3.3709],[-76.5618,3.371],[-76.5618,3.3711],[-76.5617,3.3713],[-76.5617,3.3714],[-76.5617,3.3715],[-76.5617,3.3716],[-76.5617,3.3717],[-76.5617,3.3719],[-76.5617,3.372],[-76.5617,3.3721],[-76.5617,3.3722],[-76.5618,3.3722],[-76.5618,3.3723],[-76.5618,3.3724],[-76.5619,3.3724],[-76.5619,3.3725],[-76.5619,3.3726],[-76.5619,3.3727],[-76.5619,3.3728],[-76.5619,3.3729],[-76.5619,3.373],[-76.5619,3.3731],[-76.5618,3.3731],[-76.5618,3.3732],[-76.5617,3.3733],[-76.5617,3.3734],[-76.5616,3.3734],[-76.5616,3.3735],[-76.5615,3.3735],[-76.5615,3.3736],[-76.5614,3.3736],[-76.5614,3.3737],[-76.5614,3.3738],[-76.5613,3.3738],[-76.5613,3.3739],[-76.5613,3.374],[-76.5613,3.3741],[-76.5613,3.3742],[-76.5613,3.3743],[-76.5613,3.3744],[-76.5613,3.3745],[-76.5613,3.3748],[-76.5613,3.3749],[-76.5613,3.375],[-76.5613,3.3751],[-76.5613,3.3752],[-76.5614,3.3753],[-76.5614,3.3754],[-76.5614,3.3755],[-76.5614,3.3756],[-76.5614,3.3757],[-76.5614,3.3758],[-76.5613,3.3758],[-76.5611,3.3757],[-76.5609,3.3757],[-76.5608,3.3756],[-76.5606,3.3756],[-76.5605,3.3757],[-76.5605,3.3758],[-76.5605,3.3759],[-76.5605,3.376],[-76.5604,3.3761],[-76.5604,3.3762],[-76.5603,3.3763],[-76.5603,3.3764],[-76.5603,3.3765],[-76.5603,3.3766],[-76.5603,3.3767],[-76.5602,3.3768],[-76.5602,3.3769],[-76.5602,3.377],[-76.5602,3.3771],[-76.5602,3.3772],[-76.5601,3.3772],[-76.5601,3.3773],[-76.5601,3.3774],[-76.5602,3.3774],[-76.5606,3.3779],[-76.5607,3.378],[-76.5608,3.378],[-76.561,3.3781],[-76.5612,3.3781],[-76.5613,3.3783],[-76.5614,3.3786],[-76.5614,3.3787],[-76.5614,3.3789],[-76.5614,3.3791],[-76.5614,3.3794],[-76.5614,3.3795],[-76.5614,3.3796],[-76.5613,3.3798],[-76.5612,3.38],[-76.5609,3.38],[-76.5607,3.3801],[-76.5606,3.3801],[-76.5605,3.38],[-76.5604,3.3799],[-76.5603,3.3798],[-76.5601,3.3797],[-76.5599,3.3797],[-76.5597,3.3796],[-76.5596,3.3796],[-76.5596,3.3798],[-76.5596,3.3799],[-76.5597,3.3799],[-76.5597,3.38],[-76.5597,3.3801],[-76.5597,3.3802],[-76.5598,3.3802],[-76.5598,3.3803],[-76.5598,3.3804],[-76.5598,3.3805],[-76.5599,3.3805],[-76.5599,3.3806],[-76.5599,3.3807],[-76.5599,3.3808],[-76.56,3.3809],[-76.56,3.381],[-76.56,3.3811],[-76.5601,3.3812],[-76.5602,3.3812],[-76.5604,3.3814],[-76.5609,3.3819],[-76.5616,3.3824],[-76.5611,3.383],[-76.5612,3.383],[-76.5613,3.3831],[-76.5614,3.3831],[-76.5615,3.3833],[-76.5615,3.3834],[-76.5615,3.3835],[-76.5615,3.3836],[-76.5615,3.3837],[-76.5614,3.3837],[-76.5614,3.3838],[-76.5614,3.3839],[-76.5614,3.384],[-76.5613,3.384],[-76.5613,3.3841],[-76.5613,3.3842],[-76.5613,3.3843],[-76.5614,3.3843],[-76.5614,3.3844],[-76.5615,3.3844],[-76.5615,3.3845],[-76.5616,3.3845],[-76.5617,3.3845],[-76.5617,3.3846],[-76.5616,3.3846],[-76.5616,3.3847],[-76.5615,3.3847],[-76.5615,3.3848],[-76.5615,3.3849],[-76.5615,3.385],[-76.5615,3.3851],[-76.5614,3.3851],[-76.5614,3.3852],[-76.5613,3.3852],[-76.5613,3.3853],[-76.5613,3.3854],[-76.5612,3.3854],[-76.5612,3.3855],[-76.5612,3.3856],[-76.5613,3.3856],[-76.5614,3.3856],[-76.5614,3.3857],[-76.5614,3.3858],[-76.5614,3.3859],[-76.5614,3.386],[-76.5615,3.386],[-76.5615,3.3861],[-76.5616,3.3861],[-76.5616,3.3862],[-76.5616,3.3863],[-76.5617,3.3863],[-76.5617,3.3864],[-76.5618,3.3864],[-76.5618,3.3865],[-76.5618,3.3866],[-76.5619,3.3866],[-76.5619,3.3867],[-76.562,3.3867],[-76.562,3.3866],[-76.5621,3.3866],[-76.5621,3.3867],[-76.5622,3.3867],[-76.5622,3.3866],[-76.5623,3.3866],[-76.5623,3.3865],[-76.5623,3.3866],[-76.5623,3.3867],[-76.5623,3.3866],[-76.5624,3.3866],[-76.5624,3.3867],[-76.5625,3.3867],[-76.5625,3.3868],[-76.5625,3.3869],[-76.5626,3.3869],[-76.5626,3.387],[-76.5627,3.387],[-76.5627,3.3871],[-76.5626,3.3871],[-76.5627,3.3871],[-76.5627,3.3872],[-76.5627,3.3873],[-76.5627,3.3872],[-76.5626,3.3872],[-76.5626,3.3873],[-76.5626,3.3872],[-76.5625,3.3872],[-76.5624,3.3872],[-76.5623,3.3872],[-76.5623,3.3871],[-76.5622,3.3871],[-76.5621,3.3871],[-76.562,3.3871],[-76.5619,3.3871],[-76.5618,3.3871],[-76.5617,3.3871],[-76.5616,3.3871],[-76.5616,3.3872],[-76.5616,3.3873],[-76.5616,3.3874],[-76.5617,3.3874],[-76.5617,3.3875],[-76.5618,3.3875],[-76.5618,3.3876],[-76.5619,3.3876],[-76.5619,3.3877],[-76.562,3.3877],[-76.562,3.3876],[-76.5621,3.3876],[-76.5621,3.3875],[-76.5621,3.3876],[-76.5622,3.3876],[-76.5622,3.3875],[-76.5623,3.3875],[-76.5624,3.3875],[-76.5624,3.3876],[-76.5625,3.3876],[-76.5626,3.3876],[-76.5626,3.3877],[-76.5626,3.3878],[-76.5627,3.3878],[-76.5627,3.3879],[-76.5628,3.3879],[-76.5629,3.3879],[-76.563,3.3879],[-76.563,3.388],[-76.563,3.3881],[-76.5631,3.3881],[-76.5631,3.3882],[-76.5631,3.3883],[-76.5632,3.3883],[-76.5632,3.3884],[-76.5632,3.3885],[-76.5633,3.3885],[-76.5634,3.3885],[-76.5634,3.3886],[-76.5634,3.3887],[-76.5635,3.3887],[-76.5635,3.3888],[-76.5634,3.3888],[-76.5634,3.3889],[-76.5633,3.3889],[-76.5633,3.389],[-76.5632,3.389],[-76.5631,3.389],[-76.563,3.389],[-76.563,3.3889],[-76.5629,3.3889],[-76.5629,3.389],[-76.5628,3.389],[-76.5627,3.389],[-76.5627,3.3891],[-76.5626,3.3891],[-76.5626,3.3892],[-76.5625,3.3892],[-76.5625,3.3893],[-76.5624,3.3893],[-76.5624,3.3894],[-76.5623,3.3894],[-76.5623,3.3895],[-76.5622,3.3895],[-76.5622,3.3896],[-76.5621,3.3896],[-76.5621,3.3897],[-76.5622,3.3897],[-76.5622,3.3898],[-76.5623,3.3898],[-76.5623,3.3899],[-76.5624,3.3899],[-76.5625,3.3899],[-76.5625,3.39],[-76.5625,3.3901],[-76.5626,3.3901],[-76.5627,3.3901],[-76.5627,3.3902],[-76.5627,3.3903],[-76.5627,3.3904],[-76.5626,3.3904],[-76.5625,3.3904],[-76.5624,3.3904],[-76.5624,3.3905],[-76.5623,3.3905],[-76.5622,3.3905],[-76.5622,3.3906],[-76.5621,3.3906],[-76.5621,3.3907],[-76.562,3.3908],[-76.5619,3.3908],[-76.5618,3.3908],[-76.5617,3.3908],[-76.5616,3.3908],[-76.5615,3.3908],[-76.5615,3.3909],[-76.5615,3.391],[-76.5614,3.391],[-76.5614,3.3911],[-76.5614,3.3912],[-76.5614,3.3913],[-76.5614,3.3914],[-76.5614,3.3915],[-76.5614,3.3916],[-76.5614,3.3917],[-76.5613,3.3917],[-76.5613,3.3918],[-76.5613,3.3919],[-76.5613,3.392],[-76.5614,3.392],[-76.5614,3.3921],[-76.5614,3.3922],[-76.5614,3.3923],[-76.5614,3.3924],[-76.5614,3.3925],[-76.5615,3.3925],[-76.5615,3.3926],[-76.5616,3.3926],[-76.5616,3.3943],[-76.5616,3.3947],[-76.5616,3.3949],[-76.5614,3.395],[-76.5613,3.395],[-76.5612,3.395],[-76.5612,3.3951],[-76.5611,3.3951],[-76.561,3.3953],[-76.5608,3.3954],[-76.5607,3.3954],[-76.5606,3.3954],[-76.5605,3.3953],[-76.5604,3.3953],[-76.5604,3.3952],[-76.5603,3.3952],[-76.5602,3.3952],[-76.5601,3.3952],[-76.5601,3.3953],[-76.5601,3.3954],[-76.56,3.3955],[-76.5599,3.3955],[-76.5598,3.3956],[-76.5597,3.3955],[-76.5596,3.3955],[-76.5595,3.3955],[-76.5595,3.3954],[-76.5594,3.3954],[-76.5594,3.3955],[-76.5593,3.3955],[-76.5591,3.3955],[-76.559,3.3954],[-76.5589,3.3954],[-76.5588,3.3954],[-76.5587,3.3954],[-76.5587,3.3953],[-76.5586,3.3952],[-76.5585,3.3951],[-76.5584,3.395],[-76.5583,3.3949],[-76.5582,3.3949],[-76.5582,3.3948],[-76.5581,3.3948],[-76.558,3.3948],[-76.558,3.3947],[-76.5579,3.3947],[-76.5578,3.3947],[-76.5577,3.3948],[-76.5576,3.3948],[-76.557,3.3949],[-76.5569,3.3949],[-76.556,3.395],[-76.5559,3.395],[-76.5555,3.3951],[-76.5554,3.3951],[-76.5551,3.3951],[-76.5549,3.3951],[-76.5544,3.3952],[-76.5541,3.3952],[-76.5541,3.3953],[-76.5539,3.3953],[-76.5531,3.3954],[-76.553,3.3954],[-76.5529,3.3954],[-76.5522,3.3955],[-76.552,3.3955],[-76.5519,3.3955],[-76.5515,3.3956],[-76.5514,3.3956],[-76.5513,3.3956],[-76.551,3.3957],[-76.5508,3.3957],[-76.5507,3.3957],[-76.5503,3.3958],[-76.5502,3.3958],[-76.5497,3.3958],[-76.5496,3.3952],[-76.5495,3.3952],[-76.5493,3.3953],[-76.549,3.3953],[-76.5488,3.3953],[-76.5486,3.3953],[-76.5486,3.3955],[-76.5487,3.3956],[-76.5487,3.3958],[-76.5487,3.3959],[-76.5487,3.396],[-76.5486,3.396],[-76.5482,3.396],[-76.5481,3.396],[-76.5478,3.3961],[-76.5476,3.3961],[-76.5475,3.3961],[-76.5473,3.3961],[-76.5472,3.3962],[-76.5463,3.3963],[-76.5462,3.3958],[-76.5461,3.3954]]]]}},{"type":"Feature","properties":{"code":"19","name":"Comuna 19"},"geometry":{"type":"MultiPolygon","coordinates":[[[[-76.5555,3.4481],[-76.5554,3.448],[-76.5553,3.4479],[-76.5552,3.4479],[-76.5549,3.4479],[-76.5546,3.4479],[-76.5544,3.4478],[-76.5544,3.4477],[-76.5544,3.4476],[-76.5545,3.4474],[-76.5545,3.4473],[-76.5546,3.4472],[-76.5546,3.4471],[-76.5545,3.4469],[-76.5544,3.4467],[-76.5541,3.4468],[-76.5539,3.4468],[-76.5536,3.4467],[-76.5534,3.4465],[-76.5533,3.4464],[-76.5531,3.4464],[-76.553,3.4466],[-76.553,3.4467],[-76.5529,3.4469],[-76.5528,3.447],[-76.5524,3.4472],[-76.5523,3.4472],[-76.5522,3.4472],[-76.5521,3.447],[-76.5519,3.4469],[-76.5517,3.4469],[-76.5515,3.4469],[-76.5514,3.447],[-76.5513,3.447],[-76.5511,3.4472],[-76.551,3.4472],[-76.551,3.4473],[-76.5505,3.4476],[-76.5502,3.4473],[-76.5501,3.4474],[-76.5499,3.4475],[-76.5498,3.4475],[-76.5497,3.4475],[-76.5497,3.4476],[-76.5496,3.4476],[-76.5495,3.4476],[-76.5494,3.4475],[-76.5493,3.4474],[-76.549,3.4472],[-76.5488,3.4471],[-76.5487,3.4471],[-76.5486,3.4471],[-76.5485,3.4472],[-76.5484,3.4472],[-76.5482,3.4471],[-76.548,3.4471],[-76.5476,3.447],[-76.5474,3.447],[-76.5473,3.447],[-76.547,3.447],[-76.5467,3.447],[-76.5465,3.4469],[-76.5463,3.4468],[-76.5461,3.4466],[-76.5461,3.4465],[-76.5462,3.4464],[-76.5462,3.4463],[-76.5462,3.4461],[-76.5462,3.446],[-76.5462,3.4459],[-76.5462,3.4458],[-76.5463,3.4458],[-76.5463,3.4457],[-76.5464,3.4457],[-76.5465,3.4456],[-76.5466,3.4456],[-76.5478,3.4455],[-76.5479,3.4454],[-76.548,3.4454],[-76.5481,3.4454],[-76.5482,3.4454],[-76.5483,3.4454],[-76.5484,3.4454],[-76.5485,3.4453],[-76.5486,3.4453],[-76.5486,3.4452],[-76.5487,3.4451],[-76.5488,3.4451],[-76.5488,3.445],[-76.5489,3.445],[-76.5489,3.4449],[-76.5489,3.4448],[-76.549,3.4447],[-76.549,3.4446],[-76.549,3.4445],[-76.549,3.4444],[-76.5489,3.4444],[-76.5489,3.4443],[-76.5489,3.4442],[-76.5487,3.4439],[-76.5486,3.4438],[-76.5486,3.4437],[-76.5485,3.4435],[-76.5484,3.4432],[-76.5484,3.4431],[-76.5484,3.443],[-76.5483,3.4429],[-76.5481,3.4429],[-76.5474,3.4427],[-76.547,3.4426],[-76.5469,3.4426],[-76.5468,3.4426],[-76.5467,3.4425],[-76.5465,3.4424],[-76.5464,3.4423],[-76.5459,3.442],[-76.5458,3.4419],[-76.5457,3.4419],[-76.5457,3.4418],[-76.5456,3.4418],[-76.5456,3.4417],[-76.5455,3.4416],[-76.5455,3.4415],[-76.5454,3.4415],[-76.5451,3.4414],[-76.5446,3.4412],[-76.5445,3.4412],[-76.544,3.441],[-76.5439,3.4409],[-76.5438,3.4408],[-76.5437,3.4409],[-76.5437,3.441],[-76.5436,3.4412],[-76.5435,3.4413],[-76.5434,3.4413],[-76.5434,3.4414],[-76.5433,3.4414],[-76.5429,3.4415],[-76.5428,3.4415],[-76.5425,3.4415],[-76.5423,3.4416],[-76.5409,3.4418],[-76.5409,3.4417],[-76.5409,3.4415],[-76.5409,3.4414],[-76.5409,3.4413],[-76.5409,3.4412],[-76.5409,3.4411],[-76.5409,3.441],[-76.5408,3.4408],[-76.5407,3.4407],[-76.5406,3.4407],[-76.5404,3.4406],[-76.5403,3.4406],[-76.5402,3.4405],[-76.54,3.4404],[-76.5398,3.4403],[-76.5397,3.4402],[-76.5391,3.4398],[-76.5391,3.4397],[-76.5379,3.4389],[-76.5378,3.4387],[-76.5386,3.4378],[-76.5378,3.437],[-76.5377,3.4369],[-76.5373,3.4366],[-76.5371,3.4364],[-76.537,3.4363],[-76.5365,3.4358],[-76.5363,3.4357],[-76.536,3.4353],[-76.5358,3.4352],[-76.5355,3.4349],[-76.5354,3.4348],[-76.5353,3.4347],[-76.5349,3.4344],[-76.5348,3.4343],[-76.5347,3.4341],[-76.5345,3.434],[-76.5344,3.4339],[-76.5343,3.4338],[-76.5343,3.4337],[-76.5338,3.4336],[-76.5336,3.4335],[-76.5332,3.4334],[-76.5331,3.4334],[-76.5329,3.4333],[-76.5325,3.4332],[-76.5324,3.4331],[-76.532,3.433],[-76.5317,3.4329],[-76.5312,3.4328],[-76.531,3.4327],[-76.5299,3.4323],[-76.5298,3.4323],[-76.5298,3.4321],[-76.5296,3.4321],[-76.5294,3.4321],[-76.5292,3.4321],[-76.5291,3.4321],[-76.5289,3.4321],[-76.5288,3.4321],[-76.5287,3.4321],[-76.5281,3.4321],[-76.5274,3.432],[-76.5275,3.4319],[-76.5278,3.4317],[-76.5291,3.4308],[-76.5292,3.4307],[-76.5293,3.4307],[-76.5295,3.4306],[-76.5294,3.4304],[-76.5293,3.4304],[-76.5289,3.4299],[-76.529,3.4298],[-76.5292,3.4297],[-76.5294,3.4296],[-76.5295,3.4295],[-76.5296,3.4294],[-76.53,3.4291],[-76.5302,3.429],[-76.5303,3.4289],[-76.5302,3.4289],[-76.5302,3.4288],[-76.5301,3.4288],[-76.53,3.4287],[-76.5298,3.4287],[-76.5298,3.4285],[-76.53,3.428],[-76.5302,3.4274],[-76.5302,3.4273],[-76.5303,3.4274],[-76.5306,3.4275],[-76.5307,3.4274],[-76.5307,3.4272],[-76.5308,3.4269],[-76.5309,3.4268],[-76.531,3.4265],[-76.531,3.4263],[-76.5311,3.4261],[-76.5312,3.4259],[-76.5312,3.4257],[-76.5313,3.4256],[-76.5314,3.4252],[-76.5314,3.4251],[-76.5315,3.4249],[-76.5316,3.4247],[-76.5318,3.4247],[-76.5321,3.4248],[-76.5324,3.4249],[-76.5326,3.425],[-76.5328,3.4251],[-76.533,3.4251],[-76.5331,3.4251],[-76.5333,3.4244],[-76.5336,3.4245],[-76.534,3.4247],[-76.5343,3.4237],[-76.5348,3.4223],[-76.5351,3.4213],[-76.5353,3.4208],[-76.5355,3.4203],[-76.5358,3.4191],[-76.5362,3.4179],[-76.5365,3.4172],[-76.5366,3.4168],[-76.5368,3.4163],[-76.5369,3.4158],[-76.5371,3.4153],[-76.5372,3.4148],[-76.5374,3.4143],[-76.5378,3.4132],[-76.5379,3.4126],[-76.5382,3.4118],[-76.5385,3.4111],[-76.5387,3.4103],[-76.539,3.4093],[-76.5391,3.4092],[-76.5393,3.4084],[-76.5396,3.4076],[-76.5398,3.4071],[-76.5398,3.407],[-76.5401,3.4061],[-76.5402,3.4057],[-76.5402,3.4056],[-76.5404,3.4052],[-76.5405,3.4048],[-76.5407,3.4042],[-76.541,3.4033],[-76.5412,3.4027],[-76.5414,3.4021],[-76.5416,3.4015],[-76.5416,3.4013],[-76.5417,3.4011],[-76.5417,3.401],[-76.5418,3.401],[-76.5423,3.4009],[-76.5431,3.4008],[-76.5439,3.4007],[-76.5451,3.4005],[-76.5452,3.4005],[-76.5458,3.4004],[-76.5464,3.4004],[-76.5464,3.3994],[-76.5464,3.3983],[-76.5464,3.3975],[-76.5464,3.3973],[-76.5464,3.3971],[-76.5464,3.397],[-76.5463,3.3963],[-76.5472,3.3962],[-76.5473,3.3961],[-76.5475,3.3961],[-76.5476,3.3961],[-76.5478,3.3961],[-76.5481,3.396],[-76.5482,3.396],[-76.5486,3.396],[-76.5487,3.396],[-76.5487,3.3959],[-76.5487,3.3958],[-76.5487,3.3956],[-76.5486,3.3955],[-76.5486,3.3953],[-76.5488,3.3953],[-76.549,3.3953],[-76.5493,3.3953],[-76.5495,3.3952],[-76.5496,3.3952],[-76.5497,3.3958],[-76.5502,3.3958],[-76.5503,3.3958],[-76.5507,3.3957],[-76.5508,3.3957],[-76.551,3.3957],[-76.5513,3.3956],[-76.5514,3.3956],[-76.5515,3.3956],[-76.5519,3.3955],[-76.552,3.3955],[-76.5522,3.3955],[-76.5529,3.3954],[-76.553,3.3954],[-76.5531,3.3954],[-76.5539,3.3953],[-76.5541,3.3953],[-76.5541,3.3952],[-76.5544,3.3952],[-76.5549,3.3951],[-76.5551,3.3951],[-76.5554,3.3951],[-76.5555,3.3951],[-76.5559,3.395],[-76.556,3.395],[-76.5569,3.3949],[-76.557,3.3949],[-76.5576,3.3948],[-76.5577,3.3948],[-76.5578,3.3947],[-76.5579,3.3947],[-76.558,3.3947],[-76.558,3.3948],[-76.558,3.3949],[-76.558,3.395],[-76.558,3.3951],[-76.558,3.3953],[-76.5579,3.3954],[-76.5579,3.3955],[-76.5579,3.3956],[-76.5579,3.3958],[-76.5579,3.396],[-76.5578,3.3962],[-76.5578,3.3963],[-76.5578,3.3964],[-76.5578,3.3968],[-76.5578,3.3969],[-76.5577,3.3969],[-76.5577,3.397],[-76.5577,3.3973],[-76.5577,3.3974],[-76.5577,3.3975],[-76.5577,3.3976],[-76.5576,3.3977],[-76.5576,3.3978],[-76.5576,3.3979],[-76.5576,3.398],[-76.5575,3.3984],[-76.5575,3.3985],[-76.5575,3.3988],[-76.5574,3.3993],[-76.5574,3.3997],[-76.5574,3.3998],[-76.5573,3.4002],[-76.5573,3.4003],[-76.5573,3.4004],[-76.5573,3.4006],[-76.5572,3.4007],[-76.5571,3.4019],[-76.557,3.4022],[-76.557,3.4023],[-76.557,3.4024],[-76.5569,3.4029],[-76.5569,3.4035],[-76.5568,3.4039],[-76.5568,3.4041],[-76.5568,3.4042],[-76.5566,3.4053],[-76.5566,3.4058],[-76.5565,3.4062],[-76.5565,3.4063],[-76.5565,3.4064],[-76.5566,3.4064],[-76.5567,3.4064],[-76.5567,3.4065],[-76.5568,3.4065],[-76.5569,3.4065],[-76.5569,3.4066],[-76.557,3.4066],[-76.5571,3.4066],[-76.5572,3.4066],[-76.5572,3.4067],[-76.5573,3.4067],[-76.5574,3.4067],[-76.5575,3.4067],[-76.5575,3.4068],[-76.5576,3.4068],[-76.5577,3.4068],[-76.5578,3.4068],[-76.5578,3.4069],[-76.5579,3.4069],[-76.558,3.4069],[-76.5581,3.4069],[-76.5581,3.407],[-76.5582,3.407],[-76.5581,3.4071],[-76.5581,3.4072],[-76.5581,3.4073],[-76.5581,3.4075],[-76.5581,3.4076],[-76.5581,3.4077],[-76.5581,3.4078],[-76.558,3.4079],[-76.558,3.4081],[-76.558,3.4083],[-76.558,3.4084],[-76.5579,3.4087],[-76.5579,3.4088],[-76.5579,3.409],[-76.5579,3.4091],[-76.5579,3.4092],[-76.5579,3.4093],[-76.558,3.4093],[-76.558,3.4094],[-76.5581,3.4094],[-76.5581,3.4095],[-76.558,3.4095],[-76.558,3.4096],[-76.5581,3.4096],[-76.5582,3.4096],[-76.5582,3.4097],[-76.5582,3.4098],[-76.5582,3.4099],[-76.5583,3.4099],[-76.5583,3.41],[-76.5584,3.41],[-76.5584,3.4101],[-76.5584,3.4102],[-76.5585,3.4102],[-76.5585,3.4103],[-76.5586,3.4103],[-76.5586,3.4104],[-76.5586,3.4105],[-76.5587,3.4106],[-76.5587,3.4107],[-76.5587,3.4108],[-76.5588,3.4108],[-76.5588,3.4109],[-76.5588,3.411],[-76.5589,3.411],[-76.5589,3.4111],[-76.5589,3.4112],[-76.559,3.4113],[-76.559,3.4114],[-76.5591,3.4114],[-76.5591,3.4115],[-76.5592,3.4115],[-76.5593,3.4115],[-76.5594,3.4115],[-76.5594,3.4116],[-76.5595,3.4116],[-76.5595,3.4115],[-76.5596,3.4115],[-76.5596,3.4114],[-76.5596,3.4113],[-76.5596,3.4112],[-76.5596,3.4111],[-76.5597,3.411],[-76.5597,3.4109],[-76.5598,3.4109],[-76.5598,3.4108],[-76.5598,3.4107],[-76.5599,3.4107],[-76.56,3.4107],[-76.56,3.4106],[-76.5601,3.4106],[-76.5601,3.4105],[-76.5602,3.4105],[-76.5602,3.4104],[-76.5602,3.4103],[-76.5603,3.4103],[-76.5604,3.4103],[-76.5605,3.4103],[-76.5605,3.4104],[-76.5606,3.4104],[-76.5607,3.4104],[-76.5608,3.4104],[-76.5609,3.4104],[-76.5609,3.4103],[-76.5609,3.4102],[-76.561,3.4102],[-76.5611,3.4102],[-76.5611,3.4101],[-76.5612,3.4101],[-76.5613,3.4101],[-76.5613,3.41],[-76.5613,3.4099],[-76.5614,3.4099],[-76.5614,3.41],[-76.5614,3.4101],[-76.5615,3.4101],[-76.5615,3.4102],[-76.5615,3.4103],[-76.5616,3.4102],[-76.5616,3.4101],[-76.5617,3.4101],[-76.5618,3.41],[-76.5619,3.41],[-76.562,3.41],[-76.562,3.4099],[-76.5621,3.4099],[-76.5622,3.4099],[-76.5623,3.4099],[-76.5624,3.4098],[-76.5625,3.4098],[-76.5625,3.4099],[-76.5625,3.4098],[-76.5626,3.4098],[-76.5626,3.4097],[-76.5626,3.4096],[-76.5626,3.4095],[-76.5627,3.4095],[-76.5628,3.4095],[-76.5628,3.4094],[-76.5628,3.4093],[-76.5629,3.4092],[-76.5629,3.4091],[-76.5629,3.409],[-76.563,3.409],[-76.563,3.4089],[-76.5631,3.4089],[-76.5631,3.4088],[-76.5632,3.4088],[-76.5632,3.4087],[-76.5632,3.4086],[-76.5632,3.4085],[-76.5633,3.4085],[-76.5633,3.4084],[-76.5633,3.4083],[-76.5634,3.4083],[-76.5634,3.4082],[-76.5634,3.4081],[-76.5634,3.408],[-76.5635,3.408],[-76.5634,3.4079],[-76.5634,3.4078],[-76.5634,3.4077],[-76.5634,3.4076],[-76.5635,3.4075],[-76.5635,3.4074],[-76.5635,3.4073],[-76.5636,3.4073],[-76.5636,3.4072],[-76.5637,3.4072],[-76.5637,3.4073],[-76.5638,3.4073],[-76.5639,3.4073],[-76.564,3.4073],[-76.5641,3.4074],[-76.5642,3.4074],[-76.5642,3.4075],[-76.5643,3.4075],[-76.5644,3.4075],[-76.5645,3.4075],[-76.5645,3.4074],[-76.5646,3.4074],[-76.5646,3.4073],[-76.5648,3.4074],[-76.565,3.4073],[-76.5651,3.4074],[-76.5651,3.4075],[-76.5651,3.4076],[-76.5652,3.4076],[-76.5652,3.4077],[-76.5653,3.4078],[-76.5654,3.408],[-76.5655,3.4082],[-76.5656,3.4082],[-76.5657,3.4082],[-76.5658,3.4082],[-76.5658,3.4083],[-76.5658,3.4084],[-76.5658,3.4085],[-76.5658,3.4086],[-76.5657,3.4086],[-76.5658,3.4086],[-76.5657,3.4086],[-76.5657,3.4087],[-76.5657,3.4088],[-76.5656,3.4089],[-76.5655,3.4089],[-76.5655,3.409],[-76.5654,3.409],[-76.5654,3.4091],[-76.5654,3.4092],[-76.5653,3.4093],[-76.5652,3.4094],[-76.5652,3.4095],[-76.5651,3.4096],[-76.5651,3.4097],[-76.5652,3.4098],[-76.5654,3.4098],[-76.5654,3.4099],[-76.5655,3.4099],[-76.5655,3.4103],[-76.5656,3.4106],[-76.5656,3.4108],[-76.5655,3.4108],[-76.5654,3.4108],[-76.5653,3.4108],[-76.5652,3.4108],[-76.5652,3.4107],[-76.5651,3.4107],[-76.565,3.4107],[-76.5649,3.4107],[-76.5648,3.4107],[-76.5647,3.4108],[-76.5646,3.4108],[-76.5646,3.4109],[-76.5645,3.4109],[-76.5644,3.4109],[-76.5643,3.411],[-76.5642,3.411],[-76.5641,3.4111],[-76.564,3.4112],[-76.5639,3.4112],[-76.5638,3.4113],[-76.5637,3.4113],[-76.5636,3.4114],[-76.5635,3.4114],[-76.5634,3.4114],[-76.5632,3.4114],[-76.5632,3.4115],[-76.5631,3.4115],[-76.563,3.4116],[-76.5629,3.4116],[-76.5628,3.4116],[-76.5627,3.4117],[-76.5626,3.4117],[-76.5626,3.4118],[-76.5625,3.4118],[-76.5625,3.4119],[-76.5624,3.412],[-76.5623,3.4121],[-76.5622,3.4121],[-76.5621,3.4121],[-76.5621,3.4122],[-76.562,3.4122],[-76.562,3.4123],[-76.5619,3.4123],[-76.5619,3.4124],[-76.5618,3.4125],[-76.5617,3.4126],[-76.5617,3.4127],[-76.5616,3.4127],[-76.5616,3.4128],[-76.5615,3.4129],[-76.5615,3.413],[-76.5614,3.4131],[-76.5613,3.4131],[-76.5612,3.4131],[-76.5611,3.4131],[-76.5611,3.4132],[-76.561,3.4132],[-76.5609,3.4132],[-76.5609,3.4133],[-76.5608,3.4133],[-76.5607,3.4134],[-76.5606,3.4135],[-76.5605,3.4135],[-76.5605,3.4136],[-76.5604,3.4136],[-76.5604,3.4137],[-76.5603,3.4137],[-76.5602,3.4137],[-76.5601,3.4137],[-76.5601,3.4136],[-76.56,3.4136],[-76.5599,3.4135],[-76.5598,3.4135],[-76.5597,3.4136],[-76.5595,3.4136],[-76.5594,3.4137],[-76.5592,3.4138],[-76.559,3.4138],[-76.5589,3.4139],[-76.5588,3.4138],[-76.5587,3.4138],[-76.5586,3.4138],[-76.5586,3.4137],[-76.5585,3.4137],[-76.5585,3.4136],[-76.5584,3.4135],[-76.5584,3.4134],[-76.5583,3.4134],[-76.5583,3.4133],[-76.5582,3.4132],[-76.5581,3.4132],[-76.5581,3.4131],[-76.558,3.4131],[-76.5579,3.4131],[-76.5578,3.4131],[-76.5577,3.4131],[-76.5576,3.4131],[-76.5576,3.4132],[-76.5575,3.4132],[-76.5574,3.4132],[-76.5574,3.4131],[-76.5573,3.4131],[-76.5572,3.413],[-76.5572,3.4129],[-76.5572,3.4128],[-76.5571,3.4127],[-76.557,3.4126],[-76.557,3.4125],[-76.5569,3.4124],[-76.5568,3.4123],[-76.5568,3.4122],[-76.5567,3.4122],[-76.5567,3.4121],[-76.5567,3.412],[-76.5566,3.4119],[-76.5565,3.412],[-76.5565,3.4121],[-76.5564,3.4122],[-76.5564,3.4123],[-76.5563,3.4123],[-76.5562,3.4123],[-76.5561,3.4123],[-76.5561,3.4122],[-76.556,3.4122],[-76.556,3.4121],[-76.5559,3.4121],[-76.5559,3.412],[-76.5558,3.4119],[-76.5557,3.4119],[-76.5556,3.4119],[-76.5556,3.412],[-76.5556,3.4123],[-76.5557,3.4127],[-76.5556,3.4131],[-76.5555,3.4136],[-76.5554,3.4137],[-76.5553,3.414],[-76.5552,3.4146],[-76.555,3.4152],[-76.5549,3.4154],[-76.5548,3.4158],[-76.5548,3.4161],[-76.5547,3.4166],[-76.5545,3.4171],[-76.5545,3.4172],[-76.5545,3.4173],[-76.5545,3.4174],[-76.5545,3.4175],[-76.5544,3.4175],[-76.5544,3.4176],[-76.5544,3.4177],[-76.5544,3.4178],[-76.5543,3.4178],[-76.5543,3.4179],[-76.5543,3.418],[-76.5542,3.418],[-76.5542,3.4181],[-76.5542,3.4182],[-76.5541,3.4183],[-76.5541,3.4184],[-76.5538,3.419],[-76.5536,3.4195],[-76.5533,3.42],[-76.5532,3.4206],[-76.5531,3.4212],[-76.5531,3.4217],[-76.553,3.4227],[-76.5528,3.4238],[-76.5528,3.4239],[-76.5528,3.424],[-76.5528,3.4241],[-76.5527,3.4241],[-76.5527,3.4242],[-76.5527,3.4243],[-76.5527,3.4244],[-76.5526,3.4244],[-76.5526,3.4245],[-76.5525,3.4247],[-76.5524,3.4248],[-76.5524,3.425],[-76.5523,3.4251],[-76.5522,3.4254],[-76.5522,3.4255],[-76.5522,3.4256],[-76.5522,3.4257],[-76.5521,3.4257],[-76.5521,3.4258],[-76.5521,3.4259],[-76.552,3.4259],[-76.552,3.426],[-76.5519,3.426],[-76.5516,3.4264],[-76.5514,3.4265],[-76.5513,3.4266],[-76.5512,3.4267],[-76.551,3.427],[-76.5509,3.427],[-76.5508,3.4271],[-76.5507,3.4271],[-76.5506,3.4271],[-76.5505,3.4271],[-76.5504,3.4271],[-76.5503,3.4271],[-76.5504,3.4275],[-76.5504,3.4276],[-76.5504,3.4277],[-76.5504,3.4278],[-76.5504,3.4279],[-76.5504,3.428],[-76.5505,3.428],[-76.5506,3.428],[-76.5507,3.428],[-76.551,3.4281],[-76.5511,3.4281],[-76.5512,3.4281],[-76.5512,3.4282],[-76.5512,3.4283],[-76.5511,3.4283],[-76.5511,3.4284],[-76.5511,3.4285],[-76.5511,3.4286],[-76.5511,3.4287],[-76.5512,3.4287],[-76.5511,3.429],[-76.5519,3.4293],[-76.5523,3.4295],[-76.5523,3.4294],[-76.5523,3.4293],[-76.5524,3.4293],[-76.5524,3.4292],[-76.5525,3.4292],[-76.5526,3.4292],[-76.5526,3.4291],[-76.5526,3.429],[-76.5526,3.4289],[-76.5526,3.4288],[-76.5526,3.4287],[-76.5526,3.4286],[-76.5525,3.4286],[-76.5525,3.4285],[-76.5526,3.4285],[-76.5525,3.4285],[-76.5529,3.4286],[-76.5537,3.429],[-76.5538,3.429],[-76.5539,3.429],[-76.554,3.429],[-76.5541,3.429],[-76.5541,3.4289],[-76.5542,3.4289],[-76.5542,3.4288],[-76.5542,3.4287],[-76.5542,3.4286],[-76.5543,3.4286],[-76.5543,3.4285],[-76.5543,3.4284],[-76.5544,3.4283],[-76.5538,3.4278],[-76.5542,3.4271],[-76.5543,3.4271],[-76.5545,3.4271],[-76.5547,3.4272],[-76.555,3.4272],[-76.5551,3.4286],[-76.5551,3.4287],[-76.5551,3.4288],[-76.5551,3.4289],[-76.5551,3.429],[-76.5551,3.4291],[-76.555,3.4292],[-76.5549,3.4293],[-76.5548,3.4293],[-76.5548,3.4294],[-76.5548,3.4295],[-76.5548,3.4296],[-76.5548,3.4297],[-76.5548,3.4298],[-76.5549,3.4298],[-76.5549,3.4299],[-76.5549,3.43],[-76.555,3.4301],[-76.555,3.4302],[-76.5551,3.4302],[-76.5551,3.4303],[-76.5552,3.4304],[-76.5552,3.4305],[-76.5553,3.4306],[-76.5553,3.4307],[-76.5553,3.4308],[-76.5554,3.4309],[-76.5554,3.431],[-76.5553,3.431],[-76.5553,3.4311],[-76.5553,3.4312],[-76.5552,3.4313],[-76.5552,3.4314],[-76.5551,3.4315],[-76.5551,3.4316],[-76.555,3.4317],[-76.5549,3.4318],[-76.5549,3.432],[-76.5548,3.4321],[-76.5548,3.4322],[-76.5548,3.4323],[-76.5547,3.4323],[-76.5547,3.4324],[-76.5546,3.4325],[-76.5546,3.4326],[-76.5546,3.4327],[-76.5545,3.4328],[-76.5545,3.433],[-76.5544,3.4333],[-76.5542,3.4336],[-76.5542,3.4337],[-76.5542,3.4339],[-76.5542,3.434],[-76.5542,3.4341],[-76.5542,3.4342],[-76.5542,3.4343],[-76.5542,3.4345],[-76.5542,3.4346],[-76.5541,3.4346],[-76.5538,3.4347],[-76.5538,3.4348],[-76.5539,3.4348],[-76.5539,3.4349],[-76.5539,3.435],[-76.5539,3.4351],[-76.5539,3.4352],[-76.554,3.4352],[-76.5541,3.4352],[-76.554,3.4353],[-76.5541,3.4353],[-76.5541,3.4354],[-76.5542,3.4354],[-76.5542,3.4353],[-76.5543,3.4354],[-76.5544,3.4354],[-76.5545,3.4354],[-76.5546,3.4354],[-76.5547,3.4355],[-76.5548,3.4355],[-76.5549,3.4355],[-76.555,3.4355],[-76.5551,3.4354],[-76.5551,3.4355],[-76.5552,3.4355],[-76.5551,3.4355],[-76.5551,3.4356],[-76.555,3.4356],[-76.555,3.4357],[-76.5549,3.4357],[-76.5548,3.4357],[-76.5548,3.4358],[-76.5547,3.4358],[-76.5547,3.4359],[-76.5546,3.4359],[-76.5545,3.4359],[-76.5544,3.436],[-76.5544,3.4361],[-76.5543,3.4361],[-76.5542,3.4361],[-76.5541,3.4361],[-76.5541,3.4362],[-76.5541,3.4363],[-76.5542,3.4363],[-76.5542,3.4364],[-76.5541,3.4363],[-76.554,3.4363],[-76.5539,3.4363],[-76.5538,3.4363],[-76.5538,3.4364],[-76.5538,3.4365],[-76.5537,3.4365],[-76.5536,3.4364],[-76.5536,3.4365],[-76.5535,3.4364],[-76.5535,3.4365],[-76.5534,3.4365],[-76.5533,3.4365],[-76.5532,3.4365],[-76.5531,3.4365],[-76.553,3.4365],[-76.553,3.4366],[-76.5529,3.4366],[-76.5529,3.4367],[-76.5528,3.4367],[-76.5527,3.4367],[-76.5527,3.4368],[-76.5526,3.4368],[-76.5526,3.4369],[-76.5526,3.437],[-76.5525,3.437],[-76.5525,3.4371],[-76.5524,3.4372],[-76.5525,3.4372],[-76.5524,3.4372],[-76.5524,3.4373],[-76.5523,3.4373],[-76.5523,3.4374],[-76.5522,3.4374],[-76.5522,3.4375],[-76.5521,3.4375],[-76.5521,3.4376],[-76.5521,3.4377],[-76.5521,3.4376],[-76.552,3.4376],[-76.552,3.4375],[-76.5519,3.4376],[-76.5518,3.4376],[-76.5518,3.4375],[-76.5518,3.4374],[-76.5517,3.4374],[-76.5516,3.4374],[-76.5516,3.4373],[-76.5515,3.4372],[-76.5515,3.4373],[-76.5514,3.4373],[-76.5514,3.4372],[-76.5513,3.4372],[-76.5512,3.4372],[-76.5511,3.4372],[-76.5511,3.4373],[-76.551,3.4373],[-76.5509,3.4373],[-76.5508,3.4373],[-76.5507,3.4373],[-76.5506,3.4373],[-76.5505,3.4374],[-76.5504,3.4375],[-76.5503,3.4376],[-76.5504,3.4376],[-76.5503,3.4376],[-76.5503,3.4377],[-76.5503,3.4378],[-76.5503,3.4379],[-76.5503,3.438],[-76.5502,3.438],[-76.5502,3.4381],[-76.5502,3.4382],[-76.5502,3.4383],[-76.5502,3.4384],[-76.5502,3.4385],[-76.5502,3.4386],[-76.5501,3.4386],[-76.5501,3.4387],[-76.5501,3.4388],[-76.5501,3.4389],[-76.5501,3.439],[-76.5501,3.4391],[-76.5501,3.4392],[-76.5501,3.4393],[-76.5501,3.4394],[-76.5502,3.4394],[-76.5502,3.4395],[-76.5502,3.4396],[-76.5502,3.4397],[-76.5502,3.4398],[-76.5503,3.4398],[-76.5504,3.4398],[-76.5504,3.4397],[-76.5505,3.4397],[-76.5505,3.4396],[-76.5505,3.4395],[-76.5505,3.4394],[-76.5505,3.4393],[-76.5506,3.4392],[-76.5506,3.4391],[-76.5506,3.4392],[-76.5507,3.4392],[-76.5507,3.4393],[-76.5506,3.4394],[-76.5507,3.4394],[-76.5507,3.4395],[-76.5508,3.4396],[-76.5508,3.4397],[-76.5509,3.4397],[-76.5509,3.4398],[-76.5509,3.4399],[-76.551,3.4399],[-76.5512,3.4399],[-76.5512,3.44],[-76.5512,3.4401],[-76.5512,3.4402],[-76.5512,3.4403],[-76.5512,3.4404],[-76.5513,3.4404],[-76.5514,3.4404],[-76.5515,3.4404],[-76.5516,3.4404],[-76.5517,3.4402],[-76.5518,3.4402],[-76.5518,3.4401],[-76.5519,3.44],[-76.552,3.44],[-76.5521,3.4401],[-76.5522,3.4401],[-76.5522,3.4402],[-76.5522,3.4403],[-76.5523,3.4404],[-76.5523,3.4405],[-76.5524,3.4407],[-76.5525,3.441],[-76.5526,3.4409],[-76.553,3.4408],[-76.5531,3.4408],[-76.5531,3.4409],[-76.5532,3.441],[-76.5532,3.4411],[-76.5533,3.4412],[-76.5533,3.4413],[-76.5534,3.4414],[-76.5535,3.4415],[-76.5536,3.4416],[-76.5537,3.4416],[-76.5538,3.4416],[-76.5538,3.4417],[-76.5539,3.4417],[-76.554,3.4417],[-76.5541,3.4418],[-76.5542,3.4419],[-76.5543,3.4419],[-76.5544,3.442],[-76.5544,3.4421],[-76.5545,3.4421],[-76.5546,3.4422],[-76.5547,3.4422],[-76.5548,3.4423],[-76.5549,3.4424],[-76.555,3.4424],[-76.555,3.4425],[-76.5551,3.4425],[-76.5551,3.4426],[-76.5551,3.4427],[-76.5551,3.4428],[-76.5551,3.4429],[-76.555,3.4429],[-76.555,3.443],[-76.555,3.4431],[-76.5551,3.4432],[-76.5551,3.4433],[-76.5552,3.4434],[-76.5553,3.4435],[-76.5554,3.4436],[-76.5557,3.444],[-76.5558,3.4442],[-76.5558,3.4443],[-76.556,3.4444],[-76.5561,3.4446],[-76.5562,3.4447],[-76.5562,3.4448],[-76.5563,3.4449],[-76.5564,3.445],[-76.5565,3.4451],[-76.5565,3.4452],[-76.5566,3.4453],[-76.5566,3.4454],[-76.5567,3.4454],[-76.5568,3.4455],[-76.5568,3.4456],[-76.5569,3.4457],[-76.557,3.4456],[-76.5571,3.4454],[-76.5573,3.4454],[-76.5573,3.4457],[-76.5573,3.4458],[-76.5574,3.4458],[-76.5574,3.446],[-76.5574,3.4462],[-76.5575,3.4462],[-76.5576,3.4462],[-76.5577,3.4462],[-76.5578,3.4462],[-76.558,3.4462],[-76.5582,3.4462],[-76.5584,3.4463],[-76.5585,3.4463],[-76.5586,3.4464],[-76.5586,3.4465],[-76.5586,3.4467],[-76.5586,3.4468],[-76.5586,3.4469],[-76.5586,3.4471],[-76.5585,3.4472],[-76.5584,3.4472],[-76.5583,3.4473],[-76.5582,3.4473],[-76.5581,3.4473],[-76.558,3.4473],[-76.5578,3.4474],[-76.5577,3.4474],[-76.5576,3.4474],[-76.5575,3.4475],[-76.5574,3.4475],[-76.5573,3.4475],[-76.5572,3.4475],[-76.5571,3.4476],[-76.557,3.4476],[-76.5569,3.4477],[-76.5568,3.4477],[-76.5567,3.4478],[-76.5567,3.4479],[-76.5566,3.4478],[-76.5565,3.4477],[-76.5564,3.4477],[-76.5563,3.4477],[-76.5562,3.4477],[-76.5561,3.4477],[-76.556,3.4478],[-76.5559,3.4479],[-76.5558,3.448],[-76.5557,3.448],[-76.5557,3.4481],[-76.5556,3.4481],[-76.5555,3.4481]]]]}},{"type":"Feature","properties":{"code":"20","name":"Comuna 20"},"geometry":{"type":"MultiPolygon","coordinates":[[[[-76.5519,3.4293],[-76.5511,3.429],[-76.5512,3.4287],[-76.5511,3.4287],[-76.5511,3.4286],[-76.5511,3.4285],[-76.5511,3.4284],[-76.5511,3.4283],[-76.5512,3.4283],[-76.5512,3.4282],[-76.5512,3.4281],[-76.5511,3.4281],[-76.551,3.4281],[-76.5507,3.428],[-76.5506,3.428],[-76.5505,3.428],[-76.5504,3.428],[-76.5504,3.4279],[-76.5504,3.4278],[-76.5504,3.4277],[-76.5504,3.4276],[-76.5504,3.4275],[-76.5503,3.4271],[-76.5504,3.4271],[-76.5505,3.4271],[-76.5506,3.4271],[-76.5507,3.4271],[-76.5508,3.4271],[-76.5509,3.427],[-76.551,3.427],[-76.5512,3.4267],[-76.5513,3.4266],[-76.5514,3.4265],[-76.5516,3.4264],[-76.5519,3.426],[-76.552,3.426],[-76.552,3.4259],[-76.5521,3.4259],[-76.5521,3.4258],[-76.5521,3.4257],[-76.5522,3.4257],[-76.5522,3.4256],[-76.5522,3.4255],[-76.5522,3.4254],[-76.5523,3.4251],[-76.5524,3.425],[-76.5524,3.4248],[-76.5525,3.4247],[-76.5526,3.4245],[-76.5526,3.4244],[-76.5527,3.4244],[-76.5527,3.4243],[-76.5527,3.4242],[-76.5527,3.4241],[-76.5528,3.4241],[-76.5528,3.424],[-76.5528,3.4239],[-76.5528,3.4238],[-76.553,3.4227],[-76.5531,3.4217],[-76.5531,3.4212],[-76.5532,3.4206],[-76.5533,3.42],[-76.5536,3.4195],[-76.5538,3.419],[-76.5541,3.4184],[-76.5541,3.4183],[-76.5542,3.4182],[-76.5542,3.4181],[-76.5542,3.418],[-76.5543,3.418],[-76.5543,3.4179],[-76.5543,3.4178],[-76.5544,3.4178],[-76.5544,3.4177],[-76.5544,3.4176],[-76.5544,3.4175],[-76.5545,3.4175],[-76.5545,3.4174],[-76.5545,3.4173],[-76.5545,3.4172],[-76.5545,3.4171],[-76.5547,3.4166],[-76.5548,3.4161],[-76.5548,3.4158],[-76.5549,3.4154],[-76.555,3.4152],[-76.5552,3.4146],[-76.5553,3.414],[-76.5554,3.4137],[-76.5555,3.4136],[-76.5556,3.4131],[-76.5557,3.4127],[-76.5556,3.4123],[-76.5556,3.412],[-76.5556,3.4119],[-76.5557,3.4119],[-76.5558,3.4119],[-76.5559,3.412],[-76.5559,3.4121],[-76.556,3.4121],[-76.556,3.4122],[-76.5561,3.4122],[-76.5561,3.4123],[-76.5562,3.4123],[-76.5563,3.4123],[-76.5564,3.4123],[-76.5564,3.4122],[-76.5565,3.4121],[-76.5565,3.412],[-76.5566,3.4119],[-76.5567,3.412],[-76.5567,3.4121],[-76.5567,3.4122],[-76.5568,3.4122],[-76.5568,3.4123],[-76.5569,3.4124],[-76.557,3.4125],[-76.557,3.4126],[-76.5571,3.4127],[-76.5572,3.4128],[-76.5572,3.4129],[-76.5572,3.413],[-76.5573,3.4131],[-76.5574,3.4131],[-76.5574,3.4132],[-76.5575,3.4132],[-76.5576,3.4132],[-76.5576,3.4131],[-76.5577,3.4131],[-76.5578,3.4131],[-76.5579,3.4131],[-76.558,3.4131],[-76.5581,3.4131],[-76.5581,3.4132],[-76.5582,3.4132],[-76.5583,3.4133],[-76.5583,3.4134],[-76.5584,3.4134],[-76.5584,3.4135],[-76.5585,3.4136],[-76.5585,3.4137],[-76.5586,3.4137],[-76.5586,3.4138],[-76.5587,3.4138],[-76.5588,3.4138],[-76.5589,3.4139],[-76.559,3.4138],[-76.5592,3.4138],[-76.5594,3.4137],[-76.5595,3.4136],[-76.5597,3.4136],[-76.5598,3.4135],[-76.5599,3.4135],[-76.56,3.4136],[-76.5601,3.4136],[-76.5601,3.4137],[-76.5602,3.4137],[-76.5603,3.4137],[-76.5604,3.4137],[-76.5604,3.4136],[-76.5605,3.4136],[-76.5605,3.4135],[-76.5606,3.4135],[-76.5607,3.4134],[-76.5608,3.4133],[-76.5609,3.4133],[-76.5609,3.4132],[-76.561,3.4132],[-76.5611,3.4132],[-76.5611,3.4131],[-76.5612,3.4131],[-76.5613,3.4131],[-76.5614,3.4131],[-76.5615,3.413],[-76.5615,3.4129],[-76.5616,3.4128],[-76.5616,3.4127],[-76.5617,3.4127],[-76.5617,3.4126],[-76.5618,3.4125],[-76.5619,3.4124],[-76.5619,3.4123],[-76.562,3.4123],[-76.562,3.4122],[-76.5621,3.4122],[-76.5621,3.4121],[-76.5622,3.4121],[-76.5623,3.4121],[-76.5624,3.412],[-76.5625,3.4119],[-76.5625,3.4118],[-76.5626,3.4118],[-76.5626,3.4117],[-76.5627,3.4117],[-76.5628,3.4116],[-76.5629,3.4116],[-76.563,3.4116],[-76.5631,3.4115],[-76.5632,3.4115],[-76.5632,3.4114],[-76.5634,3.4114],[-76.5635,3.4114],[-76.5636,3.4114],[-76.5637,3.4113],[-76.5638,3.4113],[-76.5639,3.4112],[-76.564,3.4112],[-76.5641,3.4111],[-76.5642,3.411],[-76.5643,3.411],[-76.5644,3.4109],[-76.5645,3.4109],[-76.5646,3.4109],[-76.5646,3.4108],[-76.5647,3.4108],[-76.5648,3.4107],[-76.5649,3.4107],[-76.565,3.4107],[-76.5651,3.4107],[-76.5652,3.4107],[-76.5652,3.4108],[-76.5653,3.4108],[-76.5654,3.4108],[-76.5655,3.4108],[-76.5656,3.4108],[-76.5657,3.4109],[-76.5657,3.4111],[-76.5658,3.4112],[-76.5659,3.4114],[-76.5659,3.4116],[-76.5661,3.4123],[-76.5659,3.4123],[-76.5657,3.4124],[-76.5648,3.4125],[-76.5647,3.4125],[-76.5645,3.4125],[-76.5643,3.4126],[-76.5641,3.4126],[-76.564,3.4126],[-76.5639,3.4126],[-76.5639,3.4127],[-76.5638,3.4127],[-76.5637,3.4127],[-76.5636,3.4128],[-76.5636,3.4129],[-76.5637,3.4131],[-76.5638,3.4133],[-76.5638,3.4134],[-76.5639,3.4136],[-76.5639,3.4137],[-76.564,3.4138],[-76.564,3.4139],[-76.5641,3.4139],[-76.5642,3.414],[-76.5642,3.4141],[-76.5643,3.4141],[-76.5643,3.4142],[-76.5643,3.4143],[-76.5643,3.4144],[-76.5643,3.4145],[-76.5642,3.4147],[-76.5641,3.4148],[-76.564,3.415],[-76.5641,3.415],[-76.564,3.4151],[-76.5641,3.4151],[-76.5642,3.4151],[-76.5643,3.4152],[-76.5645,3.4152],[-76.5647,3.4153],[-76.5648,3.4153],[-76.5649,3.4153],[-76.565,3.4153],[-76.5651,3.4153],[-76.5652,3.4153],[-76.5654,3.4153],[-76.5655,3.4153],[-76.5656,3.4154],[-76.5657,3.4154],[-76.5658,3.4155],[-76.5659,3.4155],[-76.5659,3.4156],[-76.566,3.4156],[-76.566,3.4157],[-76.5661,3.4157],[-76.5662,3.4158],[-76.5664,3.4159],[-76.5665,3.416],[-76.5666,3.4161],[-76.5667,3.4162],[-76.5667,3.4163],[-76.5668,3.4163],[-76.5668,3.4164],[-76.5669,3.4165],[-76.5669,3.4166],[-76.5669,3.4167],[-76.567,3.4168],[-76.567,3.4169],[-76.5671,3.417],[-76.5671,3.4171],[-76.5672,3.4172],[-76.5673,3.4173],[-76.5674,3.4173],[-76.5675,3.4173],[-76.5677,3.4172],[-76.5678,3.4172],[-76.5679,3.4172],[-76.568,3.4172],[-76.5681,3.4171],[-76.5682,3.4171],[-76.5682,3.417],[-76.5682,3.4171],[-76.5683,3.4172],[-76.5681,3.4174],[-76.568,3.4175],[-76.5678,3.4176],[-76.5677,3.4176],[-76.5675,3.4177],[-76.5674,3.4179],[-76.5673,3.418],[-76.5671,3.4181],[-76.5671,3.4182],[-76.5671,3.4183],[-76.567,3.4184],[-76.5668,3.4185],[-76.5666,3.4187],[-76.5665,3.4188],[-76.5664,3.4189],[-76.5662,3.4189],[-76.5662,3.419],[-76.5661,3.419],[-76.5661,3.4191],[-76.5661,3.4192],[-76.5661,3.4193],[-76.5662,3.4195],[-76.5662,3.4196],[-76.5662,3.4197],[-76.5663,3.4199],[-76.5664,3.4202],[-76.5665,3.4203],[-76.5665,3.4207],[-76.5666,3.4209],[-76.5666,3.421],[-76.5667,3.4211],[-76.5667,3.4212],[-76.5667,3.4213],[-76.5666,3.4213],[-76.5666,3.4214],[-76.5666,3.4215],[-76.5667,3.4216],[-76.5667,3.4217],[-76.5668,3.4217],[-76.5669,3.4218],[-76.5669,3.4219],[-76.567,3.422],[-76.567,3.4221],[-76.5669,3.4221],[-76.5668,3.4221],[-76.5667,3.4221],[-76.5666,3.4221],[-76.5665,3.422],[-76.5665,3.4221],[-76.5664,3.4221],[-76.5663,3.4221],[-76.5662,3.4222],[-76.5661,3.4222],[-76.566,3.4223],[-76.5659,3.4224],[-76.5659,3.4225],[-76.5658,3.4226],[-76.5658,3.4227],[-76.5658,3.4228],[-76.5658,3.4229],[-76.5658,3.423],[-76.5657,3.4231],[-76.5656,3.4231],[-76.5656,3.423],[-76.5655,3.423],[-76.5654,3.423],[-76.5653,3.423],[-76.5653,3.4231],[-76.5652,3.4231],[-76.5651,3.423],[-76.565,3.423],[-76.5649,3.423],[-76.5649,3.4231],[-76.5647,3.4232],[-76.5647,3.4233],[-76.5645,3.4235],[-76.5644,3.4235],[-76.5644,3.4236],[-76.5644,3.4237],[-76.5644,3.4238],[-76.5644,3.4239],[-76.5644,3.424],[-76.5645,3.424],[-76.5645,3.4241],[-76.5645,3.424],[-76.5644,3.424],[-76.5643,3.424],[-76.5642,3.424],[-76.5641,3.424],[-76.564,3.424],[-76.5639,3.424],[-76.5639,3.4241],[-76.5638,3.4241],[-76.5638,3.4242],[-76.5637,3.4242],[-76.5637,3.4243],[-76.5637,3.4244],[-76.5636,3.4244],[-76.5636,3.4243],[-76.5635,3.4243],[-76.5634,3.4243],[-76.5633,3.4244],[-76.5632,3.4244],[-76.5631,3.4244],[-76.5631,3.4243],[-76.563,3.4243],[-76.563,3.4242],[-76.5629,3.4242],[-76.5629,3.4243],[-76.5628,3.4243],[-76.5628,3.4244],[-76.5627,3.4245],[-76.5627,3.4246],[-76.5626,3.4246],[-76.5626,3.4247],[-76.5625,3.4247],[-76.5625,3.4248],[-76.5624,3.4248],[-76.5623,3.4248],[-76.5622,3.4248],[-76.5622,3.4249],[-76.5622,3.425],[-76.5622,3.4251],[-76.5621,3.4251],[-76.562,3.4251],[-76.562,3.425],[-76.5619,3.425],[-76.5617,3.425],[-76.5615,3.425],[-76.5613,3.425],[-76.5613,3.4249],[-76.5613,3.4248],[-76.5612,3.4248],[-76.5612,3.4247],[-76.5613,3.4247],[-76.5613,3.4246],[-76.5612,3.4246],[-76.5612,3.4245],[-76.5612,3.4244],[-76.5612,3.4243],[-76.5613,3.4243],[-76.5612,3.4242],[-76.5612,3.4241],[-76.5611,3.424],[-76.5611,3.4239],[-76.561,3.4239],[-76.5609,3.4239],[-76.5608,3.4239],[-76.5607,3.4239],[-76.5606,3.4239],[-76.5605,3.4238],[-76.5604,3.4238],[-76.5604,3.4237],[-76.5603,3.4237],[-76.5602,3.4237],[-76.5602,3.4236],[-76.56,3.4236],[-76.5599,3.4237],[-76.5598,3.4238],[-76.5597,3.4239],[-76.5596,3.424],[-76.5595,3.4241],[-76.5594,3.4241],[-76.5594,3.4242],[-76.5595,3.4243],[-76.5596,3.4244],[-76.5597,3.4244],[-76.5597,3.4245],[-76.5597,3.4246],[-76.5597,3.4247],[-76.5597,3.4248],[-76.5597,3.4249],[-76.5597,3.425],[-76.5597,3.4251],[-76.5596,3.4251],[-76.5596,3.4252],[-76.5594,3.4252],[-76.559,3.4251],[-76.5587,3.4252],[-76.5586,3.4252],[-76.5586,3.4253],[-76.5585,3.4253],[-76.5584,3.4253],[-76.5584,3.4254],[-76.5583,3.4255],[-76.5583,3.4256],[-76.5583,3.4257],[-76.5582,3.4257],[-76.5582,3.4258],[-76.5581,3.4258],[-76.5581,3.4259],[-76.558,3.426],[-76.5579,3.4261],[-76.5579,3.4262],[-76.5579,3.4263],[-76.5578,3.4263],[-76.5578,3.4264],[-76.5577,3.4264],[-76.5578,3.4265],[-76.5578,3.4266],[-76.5578,3.4267],[-76.5578,3.4268],[-76.5578,3.4269],[-76.5577,3.4269],[-76.5577,3.427],[-76.5577,3.4271],[-76.5576,3.4272],[-76.5574,3.4275],[-76.5572,3.4278],[-76.5572,3.4279],[-76.5571,3.4281],[-76.557,3.4282],[-76.557,3.4283],[-76.5571,3.4284],[-76.5569,3.4286],[-76.5568,3.4287],[-76.5566,3.4287],[-76.5565,3.4287],[-76.5563,3.4287],[-76.5562,3.4287],[-76.5561,3.4287],[-76.5558,3.4287],[-76.5556,3.4287],[-76.5555,3.4287],[-76.5552,3.4286],[-76.5551,3.4286],[-76.555,3.4272],[-76.5547,3.4272],[-76.5545,3.4271],[-76.5543,3.4271],[-76.5542,3.4271],[-76.5538,3.4278],[-76.5544,3.4283],[-76.5543,3.4284],[-76.5543,3.4285],[-76.5543,3.4286],[-76.5542,3.4286],[-76.5542,3.4287],[-76.5542,3.4288],[-76.5542,3.4289],[-76.5541,3.4289],[-76.5541,3.429],[-76.554,3.429],[-76.5539,3.429],[-76.5538,3.429],[-76.5537,3.429],[-76.5529,3.4286],[-76.5525,3.4285],[-76.5526,3.4285],[-76.5525,3.4285],[-76.5525,3.4286],[-76.5526,3.4286],[-76.5526,3.4287],[-76.5526,3.4288],[-76.5526,3.4289],[-76.5526,3.429],[-76.5526,3.4291],[-76.5526,3.4292],[-76.5525,3.4292],[-76.5524,3.4292],[-76.5524,3.4293],[-76.5523,3.4293],[-76.5523,3.4294],[-76.5523,3.4295],[-76.5519,3.4293]]]]}},{"type":"Feature","properties":{"code":"21","name":"Comuna 21"},"geometry":{"type":"MultiPolygon","coordinates":[[[[-76.4758,3.445],[-76.4758,3.4447],[-76.4758,3.4443],[-76.4758,3.4441],[-76.4757,3.4437],[-76.4757,3.4434],[-76.4754,3.4426],[-76.4754,3.4425],[-76.4753,3.4425],[-76.4753,3.4424],[-76.4753,3.4423],[-76.4752,3.4423],[-76.4751,3.4421],[-76.475,3.4419],[-76.475,3.4418],[-76.4749,3.4416],[-76.4748,3.4415],[-76.4747,3.4414],[-76.4745,3.4411],[-76.4744,3.4411],[-76.4744,3.441],[-76.4743,3.441],[-76.4743,3.4409],[-76.474,3.4406],[-76.474,3.4405],[-76.4739,3.4405],[-76.4739,3.4404],[-76.4738,3.4404],[-76.4737,3.4404],[-76.4737,3.4403],[-76.4736,3.4403],[-76.4735,3.4402],[-76.4734,3.4402],[-76.4733,3.4402],[-76.4733,3.4401],[-76.4732,3.4401],[-76.4731,3.4401],[-76.473,3.4401],[-76.4729,3.4401],[-76.4728,3.4401],[-76.4727,3.4401],[-76.4726,3.4401],[-76.4721,3.4401],[-76.472,3.4402],[-76.4717,3.4402],[-76.4716,3.4402],[-76.4695,3.4406],[-76.4694,3.4406],[-76.4693,3.4406],[-76.4692,3.4406],[-76.4691,3.4406],[-76.469,3.4406],[-76.469,3.4405],[-76.4689,3.4405],[-76.4689,3.4404],[-76.4688,3.4404],[-76.4687,3.4404],[-76.4687,3.4403],[-76.4686,3.4403],[-76.4685,3.4403],[-76.4684,3.4402],[-76.4683,3.4401],[-76.4682,3.4401],[-76.4682,3.44],[-76.4681,3.44],[-76.468,3.4399],[-76.4673,3.4391],[-76.4671,3.439],[-76.467,3.4388],[-76.4669,3.4386],[-76.4662,3.4379],[-76.4654,3.4371],[-76.4654,3.437],[-76.4653,3.437],[-76.4653,3.4369],[-76.4652,3.4369],[-76.4651,3.4368],[-76.465,3.4368],[-76.465,3.4367],[-76.4649,3.4367],[-76.4648,3.4366],[-76.4647,3.4365],[-76.4641,3.4362],[-76.464,3.4361],[-76.4639,3.4361],[-76.4639,3.436],[-76.4638,3.436],[-76.4637,3.4359],[-76.4636,3.4358],[-76.4635,3.4357],[-76.4634,3.4356],[-76.4634,3.4355],[-76.4633,3.4355],[-76.4633,3.4354],[-76.4632,3.4354],[-76.4632,3.4353],[-76.4631,3.4352],[-76.4631,3.4351],[-76.463,3.4351],[-76.463,3.435],[-76.463,3.4349],[-76.4629,3.4347],[-76.4628,3.4344],[-76.4628,3.4342],[-76.4626,3.4336],[-76.4622,3.4316],[-76.4621,3.4313],[-76.4621,3.4312],[-76.462,3.431],[-76.462,3.4309],[-76.462,3.4307],[-76.4619,3.4305],[-76.4619,3.4304],[-76.4619,3.4302],[-76.4618,3.4302],[-76.4618,3.4301],[-76.4618,3.4299],[-76.4617,3.4297],[-76.4617,3.4296],[-76.4617,3.4295],[-76.4616,3.4294],[-76.4616,3.4293],[-76.4616,3.4292],[-76.4616,3.4291],[-76.4616,3.4288],[-76.4615,3.4285],[-76.4614,3.4278],[-76.4614,3.4275],[-76.4613,3.4272],[-76.4613,3.4269],[-76.4612,3.4268],[-76.4612,3.4267],[-76.4613,3.4266],[-76.4613,3.4265],[-76.4613,3.4264],[-76.4614,3.4261],[-76.4615,3.4257],[-76.4617,3.4253],[-76.4618,3.4248],[-76.462,3.4243],[-76.4621,3.4239],[-76.4623,3.4232],[-76.4623,3.423],[-76.4624,3.4229],[-76.4624,3.4227],[-76.4625,3.4225],[-76.4626,3.4223],[-76.4627,3.4219],[-76.4627,3.4218],[-76.4628,3.4217],[-76.4628,3.4216],[-76.4628,3.4215],[-76.4628,3.4214],[-76.4628,3.4213],[-76.4629,3.4209],[-76.4629,3.4205],[-76.4629,3.4203],[-76.4629,3.4202],[-76.4629,3.42],[-76.463,3.4196],[-76.463,3.4194],[-76.463,3.4192],[-76.4631,3.4182],[-76.4631,3.4181],[-76.4631,3.4179],[-76.4631,3.4178],[-76.4631,3.4177],[-76.4631,3.4176],[-76.4632,3.4176],[-76.4632,3.4175],[-76.4632,3.4174],[-76.4633,3.4173],[-76.4633,3.4172],[-76.4634,3.4172],[-76.4634,3.4171],[-76.4635,3.417],[-76.4636,3.4169],[-76.4637,3.4168],[-76.4643,3.4163],[-76.4644,3.4163],[-76.4645,3.4162],[-76.4647,3.4161],[-76.4652,3.4158],[-76.4653,3.4157],[-76.4654,3.4157],[-76.4654,3.4156],[-76.4655,3.4155],[-76.4655,3.4154],[-76.4657,3.4152],[-76.4659,3.4148],[-76.4661,3.4144],[-76.4662,3.4141],[-76.4663,3.4139],[-76.4664,3.4138],[-76.4664,3.4136],[-76.4665,3.4133],[-76.4666,3.4133],[-76.4667,3.4129],[-76.4668,3.4126],[-76.4669,3.4124],[-76.467,3.4122],[-76.467,3.4121],[-76.4671,3.4119],[-76.4671,3.4117],[-76.4672,3.4116],[-76.4673,3.4114],[-76.4673,3.4112],[-76.4674,3.4112],[-76.4674,3.4111],[-76.4674,3.411],[-76.4674,3.4109],[-76.4674,3.4108],[-76.4674,3.4107],[-76.4673,3.4106],[-76.4673,3.4105],[-76.4673,3.4103],[-76.4672,3.4103],[-76.4671,3.41],[-76.4671,3.4099],[-76.4671,3.4097],[-76.467,3.4096],[-76.4669,3.4095],[-76.4669,3.4092],[-76.4669,3.4091],[-76.4668,3.409],[-76.4668,3.4089],[-76.4667,3.4088],[-76.4667,3.4087],[-76.4666,3.4084],[-76.4665,3.4083],[-76.4664,3.4079],[-76.4663,3.4079],[-76.4663,3.4078],[-76.4663,3.4077],[-76.4662,3.4077],[-76.4662,3.4076],[-76.4662,3.4075],[-76.4662,3.4074],[-76.4662,3.4073],[-76.4662,3.4072],[-76.4662,3.4071],[-76.4662,3.4069],[-76.4662,3.4068],[-76.4662,3.4067],[-76.4662,3.4066],[-76.4662,3.4064],[-76.4663,3.4063],[-76.4663,3.4062],[-76.4665,3.406],[-76.4666,3.4059],[-76.4666,3.4057],[-76.4667,3.4057],[-76.4667,3.4056],[-76.4668,3.4055],[-76.4669,3.4054],[-76.4671,3.4053],[-76.4672,3.4051],[-76.4674,3.4049],[-76.4676,3.4047],[-76.4678,3.4045],[-76.4679,3.4043],[-76.4681,3.4042],[-76.4681,3.4041],[-76.4682,3.4041],[-76.4682,3.404],[-76.4682,3.4039],[-76.4682,3.4038],[-76.4682,3.4037],[-76.4682,3.4036],[-76.4683,3.4036],[-76.4683,3.4035],[-76.4683,3.4034],[-76.4683,3.4033],[-76.4683,3.4032],[-76.4683,3.4031],[-76.4683,3.403],[-76.4683,3.4029],[-76.4684,3.4029],[-76.4684,3.4028],[-76.4683,3.4027],[-76.4683,3.4026],[-76.4683,3.4025],[-76.4683,3.4024],[-76.4682,3.4024],[-76.4682,3.4023],[-76.4681,3.4021],[-76.4681,3.4019],[-76.468,3.4019],[-76.468,3.4017],[-76.4679,3.4015],[-76.4679,3.4014],[-76.4678,3.4013],[-76.4678,3.4012],[-76.4677,3.401],[-76.4677,3.4009],[-76.4676,3.4008],[-76.4676,3.4007],[-76.4675,3.4005],[-76.4675,3.4004],[-76.4675,3.4003],[-76.4674,3.4002],[-76.4674,3.4001],[-76.4674,3.4],[-76.4674,3.3999],[-76.4675,3.4],[-76.4675,3.4001],[-76.4676,3.4001],[-76.4676,3.4002],[-76.4677,3.4002],[-76.4677,3.4003],[-76.4678,3.4004],[-76.4679,3.4005],[-76.468,3.4005],[-76.468,3.4006],[-76.4681,3.4006],[-76.4681,3.4007],[-76.4682,3.4007],[-76.4683,3.4007],[-76.4683,3.4008],[-76.4684,3.4008],[-76.4685,3.4008],[-76.4686,3.4008],[-76.4687,3.4008],[-76.4688,3.4008],[-76.4689,3.4008],[-76.469,3.4008],[-76.4691,3.4008],[-76.4692,3.4008],[-76.4693,3.4008],[-76.4694,3.4008],[-76.4695,3.4008],[-76.4696,3.4008],[-76.4697,3.4008],[-76.4698,3.4008],[-76.4699,3.4008],[-76.47,3.4008],[-76.4701,3.4008],[-76.4702,3.4008],[-76.4703,3.4008],[-76.4704,3.4008],[-76.4705,3.4008],[-76.4706,3.4008],[-76.4707,3.4009],[-76.4708,3.4009],[-76.4709,3.4009],[-76.471,3.4009],[-76.4711,3.4009],[-76.4712,3.4009],[-76.4713,3.4009],[-76.4714,3.4009],[-76.4714,3.401],[-76.4715,3.401],[-76.4716,3.401],[-76.4717,3.401],[-76.4718,3.401],[-76.4719,3.401],[-76.472,3.401],[-76.472,3.4011],[-76.4721,3.4011],[-76.4722,3.4011],[-76.4723,3.4011],[-76.4724,3.4011],[-76.4725,3.4011],[-76.4726,3.4011],[-76.4727,3.4011],[-76.4728,3.4011],[-76.4729,3.4011],[-76.4729,3.401],[-76.473,3.401],[-76.4731,3.401],[-76.4732,3.401],[-76.4732,3.4009],[-76.4733,3.4009],[-76.4733,3.4008],[-76.4734,3.4008],[-76.4734,3.4007],[-76.4735,3.4007],[-76.4735,3.4006],[-76.4736,3.4005],[-76.4736,3.4004],[-76.4737,3.4004],[-76.4737,3.4003],[-76.4737,3.4002],[-76.4738,3.4002],[-76.4738,3.4001],[-76.4738,3.4],[-76.4739,3.4],[-76.4739,3.3999],[-76.4739,3.3998],[-76.474,3.3998],[-76.474,3.3997],[-76.4741,3.3997],[-76.4741,3.3996],[-76.4742,3.3996],[-76.4742,3.3995],[-76.4743,3.3995],[-76.4743,3.3994],[-76.4744,3.3994],[-76.4745,3.3994],[-76.4746,3.3994],[-76.4747,3.3994],[-76.4747,3.3995],[-76.4748,3.3995],[-76.4749,3.3995],[-76.4749,3.3996],[-76.475,3.3996],[-76.475,3.3997],[-76.475,3.3998],[-76.4751,3.3998],[-76.4751,3.3999],[-76.4751,3.4],[-76.4752,3.4],[-76.4752,3.4001],[-76.4752,3.4002],[-76.4753,3.4002],[-76.4753,3.4003],[-76.4753,3.4004],[-76.4754,3.4004],[-76.4754,3.4005],[-76.4755,3.4006],[-76.4755,3.4007],[-76.4756,3.4007],[-76.4756,3.4008],[-76.4756,3.4009],[-76.4757,3.4009],[-76.4757,3.401],[-76.4758,3.401],[-76.4758,3.4011],[-76.4759,3.4012],[-76.4759,3.4013],[-76.476,3.4013],[-76.476,3.4014],[-76.476,3.4015],[-76.4761,3.4015],[-76.4761,3.4016],[-76.4762,3.4016],[-76.4762,3.4017],[-76.4763,3.4017],[-76.4763,3.4018],[-76.4764,3.4018],[-76.4764,3.4019],[-76.4765,3.402],[-76.4765,3.4021],[-76.4766,3.4021],[-76.4766,3.4022],[-76.4766,3.4023],[-76.4767,3.4024],[-76.4767,3.4025],[-76.4768,3.4026],[-76.4768,3.4027],[-76.4768,3.4028],[-76.4769,3.4028],[-76.4769,3.4029],[-76.4769,3.403],[-76.4769,3.4031],[-76.477,3.4031],[-76.477,3.4032],[-76.477,3.4033],[-76.477,3.4034],[-76.477,3.4035],[-76.4769,3.4035],[-76.4769,3.4036],[-76.4769,3.4037],[-76.4768,3.4037],[-76.4768,3.4038],[-76.4768,3.4039],[-76.4767,3.4039],[-76.4767,3.404],[-76.4767,3.4041],[-76.4766,3.4041],[-76.4766,3.4042],[-76.4765,3.4043],[-76.4765,3.4044],[-76.4764,3.4044],[-76.4764,3.4045],[-76.4764,3.4046],[-76.4763,3.4046],[-76.4763,3.4047],[-76.4762,3.4048],[-76.4762,3.4049],[-76.4761,3.4049],[-76.4761,3.405],[-76.4761,3.4051],[-76.4761,3.4052],[-76.4761,3.4053],[-76.4761,3.4054],[-76.4761,3.4055],[-76.4761,3.4056],[-76.4762,3.4056],[-76.4762,3.4057],[-76.4762,3.4058],[-76.4763,3.4058],[-76.4763,3.4059],[-76.4764,3.4059],[-76.4764,3.406],[-76.4765,3.406],[-76.4765,3.4061],[-76.4766,3.4061],[-76.4766,3.4062],[-76.4767,3.4062],[-76.4767,3.4063],[-76.4768,3.4063],[-76.4768,3.4064],[-76.4769,3.4064],[-76.477,3.4065],[-76.4771,3.4065],[-76.4771,3.4066],[-76.4772,3.4066],[-76.4773,3.4066],[-76.4774,3.4067],[-76.4775,3.4067],[-76.4776,3.4067],[-76.4776,3.4068],[-76.4777,3.4068],[-76.4778,3.4069],[-76.4779,3.4069],[-76.4779,3.407],[-76.478,3.407],[-76.4781,3.4071],[-76.4782,3.4071],[-76.4782,3.4072],[-76.4783,3.4072],[-76.4783,3.4073],[-76.4784,3.4073],[-76.4784,3.4074],[-76.4785,3.4074],[-76.4786,3.4074],[-76.4786,3.4075],[-76.4787,3.4075],[-76.4788,3.4075],[-76.4788,3.4076],[-76.4789,3.4076],[-76.479,3.4076],[-76.479,3.4077],[-76.4791,3.4077],[-76.4791,3.4078],[-76.4792,3.4078],[-76.4792,3.4079],[-76.4793,3.4079],[-76.4793,3.408],[-76.4794,3.408],[-76.4794,3.4081],[-76.4794,3.4082],[-76.4795,3.4082],[-76.4795,3.4083],[-76.4795,3.4084],[-76.4795,3.4085],[-76.4795,3.4086],[-76.4795,3.4087],[-76.4795,3.4088],[-76.4795,3.4089],[-76.4795,3.409],[-76.4795,3.4091],[-76.4795,3.4092],[-76.4795,3.4093],[-76.4794,3.4093],[-76.4794,3.4094],[-76.4794,3.4095],[-76.4794,3.4096],[-76.4795,3.4096],[-76.4795,3.4097],[-76.4795,3.4098],[-76.4795,3.4099],[-76.4795,3.41],[-76.4796,3.41],[-76.4796,3.4101],[-76.4796,3.4102],[-76.4796,3.4103],[-76.4796,3.4104],[-76.4797,3.4104],[-76.4797,3.4105],[-76.4797,3.4106],[-76.4798,3.4107],[-76.4798,3.4108],[-76.4798,3.4109],[-76.4799,3.411],[-76.4799,3.4111],[-76.4799,3.4112],[-76.4799,3.4113],[-76.4799,3.4114],[-76.48,3.4114],[-76.48,3.4115],[-76.48,3.4116],[-76.48,3.4117],[-76.48,3.4118],[-76.48,3.4119],[-76.4799,3.4119],[-76.4797,3.4119],[-76.4787,3.4119],[-76.4767,3.4119],[-76.4763,3.4119],[-76.4759,3.4118],[-76.4757,3.4118],[-76.4739,3.4118],[-76.4737,3.4117],[-76.4733,3.4116],[-76.4733,3.4117],[-76.4731,3.4119],[-76.473,3.412],[-76.4725,3.413],[-76.4721,3.4138],[-76.4719,3.4141],[-76.4718,3.4142],[-76.4713,3.4152],[-76.4711,3.4156],[-76.471,3.4158],[-76.4708,3.4161],[-76.4705,3.4166],[-76.4702,3.4171],[-76.4699,3.4175],[-76.4693,3.4187],[-76.469,3.4193],[-76.4686,3.4198],[-76.4679,3.4212],[-76.4675,3.4218],[-76.4668,3.4231],[-76.4666,3.4235],[-76.4665,3.4238],[-76.4664,3.424],[-76.4664,3.4242],[-76.4664,3.4245],[-76.4665,3.4247],[-76.4665,3.4249],[-76.4666,3.4251],[-76.4668,3.4254],[-76.4671,3.4259],[-76.4677,3.4266],[-76.4681,3.4272],[-76.4686,3.4278],[-76.4694,3.4289],[-76.4701,3.4298],[-76.4703,3.43],[-76.4706,3.4305],[-76.4712,3.4311],[-76.4715,3.4317],[-76.4716,3.4317],[-76.4719,3.4322],[-76.4725,3.4329],[-76.4731,3.4337],[-76.4732,3.4338],[-76.4735,3.4341],[-76.4736,3.4342],[-76.4736,3.4343],[-76.4738,3.4344],[-76.4745,3.4355],[-76.4752,3.4363],[-76.4755,3.4367],[-76.476,3.4373],[-76.4764,3.4379],[-76.4766,3.4381],[-76.477,3.4383],[-76.4773,3.4385],[-76.479,3.4396],[-76.4809,3.4408],[-76.481,3.4409],[-76.4815,3.4412],[-76.4817,3.4412],[-76.4819,3.4413],[-76.4823,3.4415],[-76.4823,3.4413],[-76.4825,3.4412],[-76.4826,3.441],[-76.483,3.4408],[-76.4834,3.4405],[-76.4836,3.4403],[-76.4839,3.4402],[-76.484,3.4402],[-76.4841,3.4404],[-76.4841,3.4405],[-76.4841,3.4406],[-76.4841,3.4411],[-76.4841,3.4414],[-76.4841,3.4429],[-76.4841,3.4434],[-76.4841,3.4437],[-76.4842,3.4438],[-76.4841,3.444],[-76.4841,3.4441],[-76.4841,3.4442],[-76.4841,3.4443],[-76.4841,3.4444],[-76.4841,3.4445],[-76.4839,3.4445],[-76.4838,3.4445],[-76.4835,3.4445],[-76.4826,3.4446],[-76.4825,3.4446],[-76.4823,3.4446],[-76.4821,3.4446],[-76.4817,3.4447],[-76.4816,3.4447],[-76.4815,3.4448],[-76.4814,3.4448],[-76.4814,3.4449],[-76.4813,3.445],[-76.4813,3.4452],[-76.4812,3.4455],[-76.4811,3.4456],[-76.481,3.446],[-76.4809,3.4461],[-76.4809,3.4462],[-76.4808,3.4462],[-76.4805,3.4466],[-76.4805,3.4467],[-76.4804,3.4467],[-76.4804,3.4468],[-76.4803,3.4469],[-76.4803,3.447],[-76.4802,3.4471],[-76.4802,3.4472],[-76.4801,3.4472],[-76.4794,3.4476],[-76.4793,3.4477],[-76.4791,3.4477],[-76.4791,3.4478],[-76.4789,3.4478],[-76.4786,3.4479],[-76.4785,3.448],[-76.4784,3.448],[-76.4782,3.4481],[-76.4779,3.4482],[-76.4778,3.4483],[-76.4777,3.4484],[-76.4774,3.4486],[-76.4773,3.4486],[-76.4772,3.4487],[-76.4771,3.4488],[-76.4771,3.4489],[-76.477,3.4491],[-76.4769,3.4491],[-76.4769,3.4492],[-76.4768,3.4493],[-76.4767,3.4492],[-76.4766,3.4491],[-76.4764,3.449],[-76.4763,3.4489],[-76.4758,3.4486],[-76.4755,3.4483],[-76.4754,3.4481],[-76.4754,3.448],[-76.4753,3.4478],[-76.4753,3.4477],[-76.4752,3.4475],[-76.4752,3.4474],[-76.4753,3.4472],[-76.4753,3.447],[-76.4755,3.4464],[-76.4756,3.4461],[-76.4757,3.4458],[-76.4757,3.4457],[-76.4757,3.4456],[-76.4757,3.4453],[-76.4758,3.4451],[-76.4758,3.445]]]]}},{"type":"Feature","properties":{"code":"22","name":"Comuna 22"},"geometry":{"type":"MultiPolygon","coordinates":[[[[-76.5423,3.3751],[-76.5422,3.3746],[-76.5421,3.3744],[-76.542,3.3742],[-76.5419,3.3741],[-76.5418,3.3739],[-76.5417,3.3736],[-76.5414,3.3734],[-76.5412,3.3732],[-76.5409,3.3731],[-76.5405,3.3728],[-76.5403,3.3727],[-76.5396,3.3724],[-76.5386,3.3718],[-76.5379,3.3715],[-76.5375,3.3712],[-76.5371,3.371],[-76.5367,3.3708],[-76.5359,3.3705],[-76.5338,3.3694],[-76.5315,3.3682],[-76.5309,3.3679],[-76.5303,3.3676],[-76.5298,3.3674],[-76.5297,3.3673],[-76.5292,3.367],[-76.5285,3.3667],[-76.5278,3.3663],[-76.527,3.366],[-76.5269,3.366],[-76.5265,3.3658],[-76.5261,3.3655],[-76.526,3.3655],[-76.526,3.3654],[-76.5258,3.3653],[-76.5257,3.3653],[-76.5257,3.3652],[-76.5255,3.3651],[-76.5254,3.365],[-76.5253,3.3649],[-76.5252,3.3648],[-76.5252,3.3647],[-76.525,3.3645],[-76.5248,3.3642],[-76.5247,3.364],[-76.5246,3.3639],[-76.5246,3.3638],[-76.5245,3.3635],[-76.5245,3.3632],[-76.5244,3.363],[-76.5244,3.3628],[-76.5243,3.3624],[-76.5243,3.3623],[-76.5243,3.3621],[-76.5243,3.362],[-76.5243,3.3619],[-76.5242,3.3617],[-76.5242,3.3615],[-76.5242,3.3614],[-76.5242,3.3613],[-76.5242,3.3612],[-76.5242,3.3611],[-76.5241,3.3609],[-76.5241,3.3604],[-76.5241,3.3601],[-76.524,3.3599],[-76.524,3.3594],[-76.5239,3.3591],[-76.5239,3.359],[-76.5239,3.3586],[-76.5238,3.3582],[-76.5238,3.358],[-76.5237,3.3573],[-76.5237,3.357],[-76.5237,3.3569],[-76.5237,3.3566],[-76.5237,3.3565],[-76.5236,3.3562],[-76.5236,3.3558],[-76.5236,3.3554],[-76.5235,3.3551],[-76.5235,3.3548],[-76.5235,3.3545],[-76.5234,3.3539],[-76.5234,3.3533],[-76.5234,3.353],[-76.5234,3.3526],[-76.5234,3.3522],[-76.5234,3.3518],[-76.5235,3.3511],[-76.5235,3.351],[-76.5236,3.3507],[-76.5237,3.3499],[-76.5238,3.3491],[-76.5239,3.3485],[-76.524,3.3479],[-76.5241,3.3474],[-76.5241,3.3473],[-76.5241,3.3471],[-76.5241,3.347],[-76.5242,3.3465],[-76.5242,3.3456],[-76.5242,3.3447],[-76.5242,3.3446],[-76.5242,3.3442],[-76.5243,3.3438],[-76.5243,3.3436],[-76.5243,3.3434],[-76.5243,3.343],[-76.5243,3.3429],[-76.5243,3.3421],[-76.5243,3.342],[-76.5244,3.3414],[-76.5244,3.341],[-76.5244,3.3404],[-76.5244,3.3399],[-76.5245,3.3395],[-76.5245,3.3392],[-76.5245,3.3388],[-76.5246,3.3385],[-76.5245,3.3383],[-76.5245,3.3379],[-76.5245,3.3377],[-76.5244,3.3371],[-76.5243,3.3368],[-76.5242,3.3366],[-76.5242,3.3365],[-76.5241,3.3361],[-76.5241,3.3359],[-76.524,3.3356],[-76.5239,3.3353],[-76.524,3.3353],[-76.5243,3.3352],[-76.5247,3.335],[-76.5249,3.3349],[-76.525,3.3349],[-76.5251,3.3349],[-76.5252,3.3348],[-76.5254,3.3347],[-76.5255,3.3347],[-76.5256,3.3347],[-76.5257,3.3347],[-76.5258,3.3347],[-76.526,3.3347],[-76.5262,3.3347],[-76.5263,3.3347],[-76.5264,3.3347],[-76.5265,3.3347],[-76.5265,3.3348],[-76.5268,3.3348],[-76.5268,3.3349],[-76.5269,3.3349],[-76.5272,3.335],[-76.5274,3.3351],[-76.5275,3.3351],[-76.5276,3.3351],[-76.5277,3.3351],[-76.5278,3.3351],[-76.5279,3.3351],[-76.5281,3.3352],[-76.5282,3.3352],[-76.5283,3.3351],[-76.5285,3.3351],[-76.5286,3.3351],[-76.5287,3.3351],[-76.5288,3.3351],[-76.529,3.335],[-76.5292,3.3349],[-76.5294,3.3348],[-76.5295,3.3348],[-76.5296,3.3347],[-76.5298,3.3346],[-76.5299,3.3346],[-76.5299,3.3345],[-76.53,3.3345],[-76.5302,3.3344],[-76.5304,3.3343],[-76.5307,3.3342],[-76.5308,3.3341],[-76.5309,3.334],[-76.531,3.334],[-76.5312,3.3339],[-76.5313,3.3338],[-76.5314,3.3338],[-76.5315,3.3337],[-76.5317,3.3336],[-76.5318,3.3336],[-76.5319,3.3335],[-76.5321,3.3334],[-76.5323,3.3333],[-76.5324,3.3333],[-76.5325,3.3333],[-76.5326,3.3332],[-76.5328,3.3332],[-76.5329,3.3332],[-76.533,3.3332],[-76.5331,3.3332],[-76.5333,3.3332],[-76.5334,3.3332],[-76.5335,3.3331],[-76.5336,3.3331],[-76.5337,3.3331],[-76.5338,3.3331],[-76.5341,3.3331],[-76.5342,3.3331],[-76.5346,3.3331],[-76.5348,3.333],[-76.535,3.333],[-76.5351,3.333],[-76.5352,3.333],[-76.5353,3.333],[-76.5354,3.333],[-76.5356,3.333],[-76.5358,3.333],[-76.5359,3.333],[-76.536,3.333],[-76.5361,3.333],[-76.5363,3.333],[-76.5365,3.333],[-76.5365,3.3329],[-76.5366,3.3329],[-76.5368,3.3329],[-76.537,3.3329],[-76.5371,3.3329],[-76.5374,3.3329],[-76.5376,3.3329],[-76.5377,3.3329],[-76.5378,3.3329],[-76.5379,3.3329],[-76.538,3.3328],[-76.5382,3.3328],[-76.5383,3.3328],[-76.5384,3.3328],[-76.5387,3.3328],[-76.5389,3.3328],[-76.5392,3.3328],[-76.5393,3.3328],[-76.5394,3.3328],[-76.5395,3.3327],[-76.5397,3.3327],[-76.5398,3.3327],[-76.5401,3.3327],[-76.5402,3.3327],[-76.5407,3.3327],[-76.5408,3.3327],[-76.5409,3.3327],[-76.5412,3.3326],[-76.5413,3.3326],[-76.5417,3.3326],[-76.5418,3.3326],[-76.5419,3.3326],[-76.5422,3.3325],[-76.5423,3.3325],[-76.5428,3.3325],[-76.5431,3.3325],[-76.5434,3.3325],[-76.5435,3.3325],[-76.544,3.3324],[-76.5444,3.3324],[-76.5445,3.3324],[-76.5446,3.3324],[-76.5451,3.3324],[-76.5455,3.3323],[-76.5457,3.3323],[-76.5458,3.3323],[-76.5461,3.3323],[-76.5465,3.3323],[-76.5466,3.3323],[-76.547,3.3323],[-76.5471,3.3322],[-76.5475,3.3322],[-76.5476,3.3322],[-76.5478,3.3321],[-76.5481,3.3321],[-76.5482,3.3321],[-76.5485,3.332],[-76.5486,3.332],[-76.549,3.332],[-76.5492,3.332],[-76.5492,3.3319],[-76.5495,3.3319],[-76.5497,3.3319],[-76.5498,3.3319],[-76.5499,3.3318],[-76.5504,3.3318],[-76.5504,3.3319],[-76.5505,3.332],[-76.5505,3.3321],[-76.5505,3.3322],[-76.5506,3.3322],[-76.5506,3.3324],[-76.5507,3.3325],[-76.5507,3.3326],[-76.5508,3.3327],[-76.5509,3.3328],[-76.551,3.3328],[-76.551,3.3329],[-76.551,3.333],[-76.5511,3.333],[-76.5511,3.3331],[-76.5512,3.3333],[-76.5512,3.3334],[-76.5512,3.3335],[-76.5512,3.3336],[-76.5512,3.3337],[-76.5512,3.3338],[-76.5512,3.3339],[-76.5511,3.334],[-76.551,3.3341],[-76.551,3.3342],[-76.5509,3.3343],[-76.5508,3.3344],[-76.5508,3.3346],[-76.5507,3.3347],[-76.5507,3.3348],[-76.5507,3.3349],[-76.5506,3.335],[-76.5506,3.3351],[-76.5505,3.3351],[-76.5505,3.3352],[-76.5504,3.3353],[-76.5503,3.3355],[-76.5502,3.3355],[-76.5501,3.3355],[-76.5501,3.3356],[-76.55,3.3356],[-76.55,3.3357],[-76.55,3.3358],[-76.5499,3.3358],[-76.5499,3.3359],[-76.5499,3.336],[-76.5499,3.3361],[-76.55,3.3361],[-76.55,3.3362],[-76.55,3.3363],[-76.55,3.3364],[-76.55,3.3365],[-76.5499,3.3365],[-76.5499,3.3366],[-76.5499,3.3367],[-76.5499,3.3368],[-76.5499,3.3369],[-76.5499,3.337],[-76.55,3.337],[-76.55,3.3371],[-76.55,3.3372],[-76.55,3.3373],[-76.55,3.3374],[-76.5501,3.3376],[-76.5501,3.3377],[-76.5501,3.3378],[-76.5501,3.3379],[-76.5501,3.338],[-76.5501,3.3381],[-76.5501,3.3382],[-76.5501,3.3383],[-76.5501,3.3384],[-76.5501,3.3385],[-76.5501,3.3386],[-76.5502,3.3386],[-76.5502,3.3387],[-76.5502,3.3388],[-76.5502,3.3389],[-76.5502,3.339],[-76.5503,3.339],[-76.5503,3.3391],[-76.5503,3.3392],[-76.5504,3.3392],[-76.5504,3.3393],[-76.5504,3.3394],[-76.5504,3.3395],[-76.5505,3.3395],[-76.5505,3.3396],[-76.5505,3.3397],[-76.5506,3.3397],[-76.5506,3.3398],[-76.5507,3.3398],[-76.5507,3.3399],[-76.5507,3.34],[-76.5508,3.34],[-76.5508,3.3401],[-76.5509,3.3402],[-76.5509,3.3403],[-76.5509,3.3404],[-76.5509,3.3405],[-76.551,3.3405],[-76.551,3.3406],[-76.551,3.3407],[-76.5511,3.3407],[-76.5511,3.3408],[-76.5512,3.3409],[-76.5513,3.3409],[-76.5514,3.341],[-76.5514,3.3411],[-76.5515,3.3411],[-76.5515,3.3412],[-76.5516,3.3412],[-76.5516,3.3413],[-76.5516,3.3414],[-76.5516,3.3415],[-76.5517,3.3416],[-76.5517,3.3417],[-76.5517,3.3418],[-76.5517,3.3419],[-76.5516,3.3419],[-76.5516,3.342],[-76.5516,3.3421],[-76.5516,3.3422],[-76.5516,3.3423],[-76.5515,3.3423],[-76.5515,3.3424],[-76.5515,3.3425],[-76.5515,3.3426],[-76.5514,3.3426],[-76.5514,3.3427],[-76.5514,3.3428],[-76.5513,3.3429],[-76.5513,3.343],[-76.5513,3.3431],[-76.5512,3.3432],[-76.5512,3.3433],[-76.5512,3.3434],[-76.5511,3.3435],[-76.5511,3.3436],[-76.551,3.3438],[-76.551,3.3439],[-76.5509,3.3441],[-76.5509,3.3443],[-76.5508,3.3443],[-76.5507,3.3446],[-76.5506,3.3449],[-76.5505,3.3452],[-76.5505,3.3453],[-76.5504,3.3455],[-76.5504,3.3456],[-76.5503,3.3457],[-76.5503,3.3458],[-76.5503,3.346],[-76.5501,3.3463],[-76.5501,3.3466],[-76.5499,3.3469],[-76.5499,3.347],[-76.5499,3.3471],[-76.5498,3.3472],[-76.5497,3.3476],[-76.5497,3.3477],[-76.5496,3.3477],[-76.5496,3.3478],[-76.5495,3.3483],[-76.5494,3.3485],[-76.5493,3.3487],[-76.5492,3.3489],[-76.5491,3.3492],[-76.5491,3.3493],[-76.549,3.3497],[-76.5489,3.3498],[-76.5489,3.35],[-76.5488,3.35],[-76.5488,3.3503],[-76.5487,3.3503],[-76.5486,3.3505],[-76.5485,3.3506],[-76.5485,3.3507],[-76.5484,3.3509],[-76.5483,3.3509],[-76.5482,3.3511],[-76.548,3.3513],[-76.548,3.3514],[-76.5478,3.3517],[-76.5477,3.3518],[-76.5476,3.352],[-76.5474,3.3522],[-76.5473,3.3523],[-76.5473,3.3524],[-76.5472,3.3526],[-76.5471,3.3527],[-76.5469,3.353],[-76.5468,3.3531],[-76.5468,3.3532],[-76.5467,3.3532],[-76.5467,3.3533],[-76.5466,3.3534],[-76.5466,3.3535],[-76.5466,3.3536],[-76.5467,3.3537],[-76.5467,3.3538],[-76.5467,3.3539],[-76.5467,3.354],[-76.5467,3.3541],[-76.5468,3.3541],[-76.5468,3.3542],[-76.5468,3.3543],[-76.5468,3.3544],[-76.5468,3.3545],[-76.5469,3.3546],[-76.5469,3.3547],[-76.5469,3.3548],[-76.5469,3.3549],[-76.547,3.355],[-76.5469,3.355],[-76.5466,3.3552],[-76.5465,3.3553],[-76.546,3.3556],[-76.5457,3.3558],[-76.5454,3.3559],[-76.5449,3.3562],[-76.5447,3.3564],[-76.5445,3.3565],[-76.5444,3.3566],[-76.5443,3.3567],[-76.5443,3.3568],[-76.5443,3.3569],[-76.5444,3.3569],[-76.5444,3.357],[-76.5444,3.3571],[-76.5445,3.3571],[-76.5445,3.3572],[-76.5445,3.3573],[-76.5445,3.3574],[-76.5445,3.3576],[-76.5445,3.3577],[-76.5444,3.3592],[-76.5424,3.361],[-76.5421,3.3614],[-76.5421,3.3615],[-76.5423,3.3617],[-76.5424,3.3618],[-76.5426,3.3621],[-76.5427,3.3622],[-76.5429,3.3624],[-76.543,3.3626],[-76.5432,3.3628],[-76.5433,3.363],[-76.5434,3.3631],[-76.5436,3.3633],[-76.5436,3.3634],[-76.5437,3.3635],[-76.5438,3.3636],[-76.544,3.3638],[-76.5441,3.364],[-76.5443,3.3642],[-76.5444,3.3643],[-76.5444,3.3644],[-76.5445,3.3644],[-76.5445,3.3645],[-76.5459,3.3662],[-76.546,3.3664],[-76.5463,3.3667],[-76.5464,3.3669],[-76.5466,3.3671],[-76.5466,3.3672],[-76.5467,3.3673],[-76.5468,3.3674],[-76.547,3.3676],[-76.547,3.3677],[-76.5472,3.368],[-76.5473,3.368],[-76.5475,3.3683],[-76.5477,3.3686],[-76.5479,3.3688],[-76.5482,3.3692],[-76.5483,3.3693],[-76.5484,3.3694],[-76.5486,3.3696],[-76.5488,3.3699],[-76.5488,3.37],[-76.5489,3.3701],[-76.549,3.3702],[-76.5491,3.3703],[-76.5491,3.3704],[-76.5491,3.3705],[-76.549,3.3705],[-76.549,3.3706],[-76.549,3.3707],[-76.549,3.3708],[-76.5489,3.3708],[-76.5488,3.3709],[-76.5487,3.3709],[-76.5487,3.3708],[-76.5486,3.3708],[-76.5485,3.3707],[-76.5485,3.3706],[-76.5484,3.3706],[-76.5484,3.3705],[-76.5483,3.3705],[-76.5483,3.3704],[-76.5482,3.3704],[-76.5481,3.3704],[-76.5481,3.3703],[-76.548,3.3703],[-76.5479,3.3702],[-76.5478,3.3702],[-76.5477,3.3701],[-76.5476,3.3701],[-76.5476,3.3702],[-76.5475,3.3702],[-76.5475,3.3703],[-76.5475,3.3704],[-76.5476,3.3705],[-76.5477,3.3706],[-76.5478,3.3707],[-76.5479,3.3708],[-76.548,3.3709],[-76.548,3.371],[-76.5481,3.371],[-76.5481,3.3711],[-76.548,3.3711],[-76.5479,3.3711],[-76.5478,3.3711],[-76.5477,3.3712],[-76.5476,3.3712],[-76.5475,3.3712],[-76.5474,3.3711],[-76.5474,3.371],[-76.5473,3.3709],[-76.5472,3.3708],[-76.5471,3.3708],[-76.5471,3.3707],[-76.547,3.3707],[-76.5469,3.3707],[-76.5469,3.3706],[-76.5468,3.3706],[-76.5467,3.3706],[-76.5466,3.3706],[-76.5466,3.3705],[-76.5465,3.3705],[-76.5464,3.3705],[-76.5463,3.3706],[-76.5462,3.3706],[-76.546,3.3707],[-76.5459,3.3707],[-76.5458,3.3708],[-76.5456,3.3708],[-76.5456,3.3709],[-76.5455,3.371],[-76.5454,3.371],[-76.5453,3.371],[-76.5452,3.371],[-76.5451,3.371],[-76.545,3.3711],[-76.5449,3.3711],[-76.5448,3.3711],[-76.5446,3.3712],[-76.5445,3.3713],[-76.5444,3.3713],[-76.5443,3.3713],[-76.5442,3.3714],[-76.5441,3.3714],[-76.5441,3.3715],[-76.5441,3.3716],[-76.5442,3.3716],[-76.5443,3.3717],[-76.5444,3.3717],[-76.5445,3.3717],[-76.5445,3.3718],[-76.5446,3.3718],[-76.5447,3.3719],[-76.5448,3.3719],[-76.5449,3.372],[-76.545,3.3721],[-76.545,3.3722],[-76.5451,3.3723],[-76.5451,3.3724],[-76.5451,3.3725],[-76.5452,3.3725],[-76.5452,3.3726],[-76.5452,3.3727],[-76.5452,3.3728],[-76.5452,3.3729],[-76.5452,3.373],[-76.5452,3.3731],[-76.5451,3.3732],[-76.5451,3.3733],[-76.5451,3.3734],[-76.5452,3.3735],[-76.5451,3.3736],[-76.5451,3.3737],[-76.545,3.3737],[-76.545,3.3738],[-76.5449,3.3738],[-76.5448,3.3738],[-76.5447,3.3737],[-76.5446,3.3737],[-76.5445,3.3737],[-76.5444,3.3737],[-76.5444,3.3738],[-76.5443,3.3738],[-76.5443,3.3739],[-76.5443,3.374],[-76.5444,3.374],[-76.5444,3.3741],[-76.5445,3.3742],[-76.5445,3.3743],[-76.5444,3.3743],[-76.5444,3.3744],[-76.5443,3.3744],[-76.5443,3.3745],[-76.5443,3.3746],[-76.5442,3.3746],[-76.5441,3.3747],[-76.544,3.3748],[-76.544,3.3749],[-76.5439,3.3749],[-76.5438,3.3749],[-76.5437,3.3749],[-76.5435,3.3749],[-76.5434,3.3748],[-76.5433,3.3748],[-76.5432,3.3748],[-76.5431,3.3747],[-76.543,3.3747],[-76.5429,3.3747],[-76.5429,3.3748],[-76.5428,3.3748],[-76.5428,3.3749],[-76.5427,3.375],[-76.5427,3.3751],[-76.5427,3.3752],[-76.5426,3.3753],[-76.5425,3.3754],[-76.5424,3.3754],[-76.5424,3.3755],[-76.5423,3.3751]]]]}}]}